id,idade,renda,categoria,nota,cidade_Belo Horizonte,cidade_Desconhecido,cidade_Rio de Janeiro,cidade_São Paulo,cidade_Vitória,feedback_Bom,feedback_Desconhecido
1,1.30517187221475,0.594270617126151,A,0.8099199122594225,0,0,0,0,1,1,0
2,-1.217106105593465,-1.3699849202832455,B,-0.3671090083805701,0,0,0,1,0,1,0
3,-0.8053056194206953,0.09720776041472097,A,0.7406829169276584,1,0,0,0,0,1,0
4,0.9448464468135764,-1.6423819214537412,A,0.6714459215958943,0,0,0,1,0,1,0
5,-1.217106105593465,-0.516939981343341,B,1.6407638562405948,0,0,0,1,0,1,0
6,-0.7538305586490991,1.226521637321686,B,0.5329719309323663,1,0,0,0,0,1,0
7,-0.13612982938994433,1.038550642702306,A,0.8099199122594225,0,0,0,1,0,1,0
8,-0.03317970784675188,0.44641261175457325,A,0.39449794026883694,0,0,0,1,0,1,0
9,0.7389462037271916,-0.2868100265179251,B,1.08686789358648,0,0,0,1,0,1,0
10,1.099271629128365,-1.3561383959600715,A,1.3638158749135374,0,0,0,1,0,1,0
11,-0.4964552547911179,1.2547075894248139,A,-1.3364269430252704,0,0,0,1,0,1,0
12,0.5330459606408067,0.6799277324666712,B,-1.5441379290205632,0,0,0,1,0,1,0
13,-1.1141559840502726,-0.15235010297773946,B,-0.22863501771704134,0,0,1,0,0,1,0
14,-1.4744814094514462,1.534833132821199,A,-0.020924031721748584,0,0,0,1,0,0,1
15,0.7389462037271916,-0.5346760735354066,A,0.9483939029229518,0,0,0,1,0,1,0
16,0.5845210214124028,0.9608321093188688,A,0.8099199122594225,0,0,1,0,0,1,0
17,-1.2685811663650615,1.1371834607067444,A,0.3252609449370729,0,0,1,0,0,1,0
18,-0.5479303155627142,-0.29741396666975317,B,1.6407638562405948,0,0,0,1,0,1,0
19,0.9963215075851727,0.08879007323137501,A,0.8791569075911878,1,0,0,0,0,1,0
20,0.06977041369644058,1.4610662593439776,B,-0.5055829990440988,0,0,1,0,0,1,0
21,-1.217106105593465,-1.52861321114121,A,1.7100008515723588,0,0,1,0,0,1,0
22,0.17272053523963304,-1.0213304650273238,A,1.2945788795817732,0,0,0,0,1,1,0
23,-1.5774315309946387,-1.2078380806436078,A,-1.5441379290205632,1,0,0,0,0,1,0
24,-1.6803816525378312,0.28481616819886607,A,-0.297872013048806,0,0,0,0,1,1,0
25,1.4081219937579426,1.4675828569895126,B,-0.1593980223852773,0,0,1,0,0,1,0
26,-0.03317970784675188,0.55075483091934,B,1.2945788795817732,1,0,0,0,0,1,0
27,-0.8053056194206953,-0.5074161360135996,B,1.08686789358648,0,0,1,0,0,1,0
28,0.32714571755442173,-1.3805788950463673,B,0.25602394960530883,0,0,0,0,1,1,0
29,0.12124547446803681,-1.5753524173103168,B,-1.1287159570299772,1,0,0,0,0,1,0
30,0.22419559601122926,-0.5644986490914476,A,-0.5748199943758628,0,0,1,0,0,1,0
31,-0.959730801735484,-1.3649454998713237,A,0.11754995894178014,0,0,0,0,1,1,0
32,1.047796568356769,1.2455923250320298,B,0.04831296361001547,0,0,0,0,1,1,0
33,0.5330459606408067,-1.7054789299000013,A,-0.020924031721748584,0,0,1,0,0,0,1
34,1.30517187221475,-1.5974533497557266,,-0.990241966366449,1,0,0,0,0,0,1
35,-1.4744814094514462,0.45383912604582655,B,-0.22863501771704134,1,0,0,0,0,1,0
36,0.7904212644987878,1.5322275669586918,B,0.9483939029229518,0,0,0,0,1,1,0
37,-1.3715312879082537,-1.5831691148978388,B,0.8791569075911878,0,0,0,1,0,1,0
38,-0.4964552547911179,0.534515080169938,A,-0.4363460037123341,0,0,0,0,1,1,0
39,1.099271629128365,-0.46071065885242163,B,1.5715268609088306,0,0,1,0,0,1,0
40,-1.165631044821869,1.0245692023474156,A,-0.020924031721748584,1,0,0,0,0,1,0
41,-1.0626809232786765,1.4012095353639777,A,-0.8517679757029203,1,0,0,0,0,1,0
42,0.12124547446803681,0.010608532557278007,B,-0.5748199943758628,0,0,0,1,0,1,0
43,1.099271629128365,1.3189168885643656,B,0.39449794026883694,0,0,0,1,0,1,0
44,-1.6803816525378312,-1.414114727748035,A,-0.7132939850393916,0,0,1,0,0,1,0
45,-0.2390799509331368,0.6321114977489253,B,-1.5441379290205632,1,0,0,0,0,1,0
46,-0.18760489016154056,-1.4735084444373745,B,-0.020924031721748584,1,0,0,0,0,1,0
47,0.841896325270384,-1.4128529562241496,B,-0.22863501771704134,1,0,0,0,0,1,0
48,1.2022217506715576,-1.6329508308958045,B,1.2253418842500092,0,0,0,0,1,1,0
49,0.12124547446803681,-1.532974218552744,B,-0.09016102705351263,0,0,0,1,0,1,0
50,1.2022217506715576,0.2212960140167708,B,0.39449794026883694,0,0,0,1,0,1,0
51,0.9448464468135764,-1.2244181877457467,A,1.5715268609088306,0,0,1,0,0,1,0
52,0.9963215075851727,-1.4409047588639234,A,1.5715268609088306,0,0,0,1,0,1,0
53,0.17272053523963304,-1.2703432983143879,A,0.11754995894178014,0,0,1,0,0,1,0
54,1.1507466898999614,-0.2895275113612874,B,0.39449794026883694,1,0,0,0,0,1,0
55,0.5845210214124028,-0.6046545661675236,B,1.017630898254716,1,0,0,0,0,1,0
56,-1.6289065917662349,-0.23794665941765963,B,0.8099199122594225,0,0,0,1,0,1,0
57,-1.217106105593465,1.011515309710571,A,-0.5055829990440988,0,0,0,1,0,1,0
58,-0.39350513324792546,-0.010130207908821558,A,-1.1287159570299772,0,0,1,0,0,1,0
59,-1.3715312879082537,1.2595722322501952,A,0.8791569075911878,0,0,1,0,0,1,0
60,-1.6289065917662349,0.267184329304035,B,1.4330528702453014,1,0,0,0,0,1,0
61,-0.13612982938994433,-0.23069952212311912,B,-1.059478961698213,0,0,0,0,1,1,0
62,-0.8053056194206953,-0.49063978741078357,B,-0.6440569897076275,0,0,0,0,1,1,0
63,-0.7023554978775028,-0.9996404132239572,B,1.6407638562405948,0,0,1,0,0,1,0
64,1.511072115301135,-0.01872113954198399,A,-1.1287159570299772,1,0,0,0,0,1,0
65,1.30517187221475,0.21871344520512395,A,0.1867869542735442,0,0,0,1,0,1,0
66,-1.42300634867985,0.5419086320216246,B,-1.6826119196840919,1,0,0,0,0,1,0
67,-1.3715312879082537,0.09217907195986708,B,-1.1979529523617418,1,0,0,0,0,1,0
68,-1.42300634867985,0.9229107390180827,A,1.3638158749135374,1,0,0,0,0,1,0
69,1.6654972976159237,-1.1897892285598377,A,-0.5055829990440988,0,0,0,0,1,1,0
70,1.3566469329863462,-1.4889157019456223,B,0.1867869542735442,0,0,0,0,1,1,0
71,-1.2685811663650615,0.08359580601032501,A,-0.020924031721748584,0,0,0,0,1,0,1
72,0.4815708998692104,-1.643980216488554,B,-0.020924031721748584,1,0,0,0,0,1,0
73,0.2756706567828255,1.3213032158753348,A,0.6714459215958943,1,0,0,0,0,1,0
74,1.047796568356769,-0.0017930678185273164,B,-0.9210049710346843,1,0,0,0,0,0,1
75,0.5330459606408067,-0.626481833707692,A,-1.6133749243523272,0,0,0,1,0,1,0
76,-1.3200562271366576,0.561019947855155,B,-0.5748199943758628,0,0,0,1,0,1,0
77,0.2756706567828255,0.16429705689038296,A,0.5329719309323663,1,0,0,0,0,1,0
78,-0.9082557409638877,0.7191852314224588,A,-0.297872013048806,1,0,0,0,0,1,0
79,1.253696811443154,-0.6457326649831098,B,1.017630898254716,0,0,0,1,0,1,0
80,-1.3715312879082537,1.176263882370906,A,-0.4363460037123341,0,0,0,0,1,1,0
81,-1.6289065917662349,-0.6778035855449568,A,1.4330528702453014,0,0,1,0,0,1,0
82,-1.2685811663650615,0.2189211852312317,A,-1.4749009336887986,1,0,0,0,0,1,0
83,0.6359960821839991,0.7858360507950453,A,-0.3671090083805701,0,0,1,0,0,1,0
84,-0.4964552547911179,-0.22006721894189632,A,-0.297872013048806,0,0,0,0,1,1,0
85,-0.290555011704733,-0.8718948619667081,B,-1.1979529523617418,0,0,0,1,0,1,0
86,0.841896325270384,0.4408404263310469,B,1.4330528702453014,0,0,1,0,0,1,0
87,-0.5479303155627142,-1.3268654499195989,B,1.017630898254716,1,0,0,0,0,1,0
88,-0.7538305586490991,-0.21081550538067212,A,1.156104888918244,0,0,0,0,1,1,0
89,0.6874711429555953,0.5880798110344746,A,1.3638158749135374,0,0,1,0,0,1,0
90,0.32714571755442173,-1.1824577687454747,B,-1.059478961698213,0,0,0,1,0,1,0
91,-1.3200562271366576,0.42570146774950646,B,-1.6826119196840919,1,0,0,0,0,1,0
92,1.4081219937579426,0.6280019247601343,B,0.46373493560060103,0,0,1,0,0,1,0
93,-0.959730801735484,1.2023456043202874,B,-1.1287159570299772,1,0,0,0,0,1,0
94,-0.4449801940195217,-0.5421784780944999,B,-1.4056639383570344,0,0,0,1,0,1,0
95,0.6359960821839991,1.0171066593431473,A,-0.020924031721748584,0,0,0,1,0,1,0
96,1.6654972976159237,-1.3928156258092987,B,-1.059478961698213,1,0,0,0,0,1,0
97,1.511072115301135,-0.09459837571984762,B,0.39449794026883694,0,0,1,0,0,1,0
98,0.6874711429555953,-0.016941934373734743,A,0.5329719309323663,0,0,1,0,0,1,0
99,-0.2390799509331368,-1.7112849186739438,A,1.2945788795817732,0,0,0,0,1,1,0
100,-0.290555011704733,-1.251435123096793,A,-1.1979529523617418,0,0,1,0,0,1,0
101,-0.9082557409638877,-0.2516927632854092,A,0.39449794026883694,0,0,0,1,0,1,0
102,-0.7538305586490991,-1.1636101524284796,B,-1.2671899476935058,1,0,0,0,0,1,0
103,-1.6289065917662349,0.761012267527739,B,-0.3671090083805701,1,0,0,0,0,1,0
104,-0.8053056194206953,-1.0460269979465346,A,0.5329719309323663,0,0,1,0,0,1,0
105,1.4595970545295387,0.8047649233584147,A,-0.4363460037123341,0,0,0,1,0,1,0
106,-1.01120586250708,1.5837018658999986,B,-0.5748199943758628,0,0,0,0,1,1,0
107,-0.7538305586490991,-0.430599853592261,B,-1.1979529523617418,0,0,0,1,0,1,0
108,0.12124547446803681,-0.6347025128219985,A,1.5022898655770653,0,0,1,0,0,1,0
109,-0.4964552547911179,-1.0538904562041398,B,-0.4363460037123341,0,0,0,1,0,1,0
110,0.7389462037271916,-0.16658144461864804,B,1.2945788795817732,0,0,0,0,1,1,0
111,1.4595970545295387,-0.8854937847089498,A,-0.990241966366449,0,0,0,1,0,1,0
112,-1.2685811663650615,1.2607872431039973,A,-0.7132939850393916,0,0,0,0,1,1,0
113,-0.03317970784675188,0.9719672813455771,B,0.8791569075911878,0,0,0,1,0,1,0
114,1.6654972976159237,1.5882522156969516,A,0.3252609449370729,0,0,0,1,0,1,0
115,0.6359960821839991,-0.597080870750762,B,1.2945788795817732,0,0,0,0,1,1,0
116,0.5330459606408067,0.020356215848729212,A,0.04831296361001547,0,0,0,1,0,1,0
117,-1.42300634867985,1.358681855775811,B,-1.5441379290205632,0,0,0,0,1,1,0
118,0.06977041369644058,1.145273056631146,B,-0.9210049710346843,0,0,0,1,0,1,0
119,-1.01120586250708,1.3436295194191785,B,-1.1979529523617418,0,0,1,0,0,1,0
120,-0.6508804371059066,0.7301824211440031,B,1.08686789358648,0,0,0,1,0,1,0
121,0.9448464468135764,1.3818889463676158,A,-1.6133749243523272,0,0,0,1,0,1,0
122,1.1507466898999614,1.095915252937377,A,0.5329719309323663,0,0,0,1,0,1,0
123,-1.01120586250708,-0.6329056765814227,B,0.46373493560060103,0,0,0,0,1,1,0
124,1.1507466898999614,0.1255516256004247,B,1.156104888918244,1,0,0,0,0,1,0
125,0.7904212644987878,-0.47874187986386524,B,1.6407638562405948,0,0,1,0,0,1,0
126,-1.3200562271366576,1.2289853880372201,B,-0.3671090083805701,0,0,0,0,1,1,0
127,1.047796568356769,-1.6554595777098091,B,-1.3364269430252704,0,0,0,0,1,1,0
128,-1.165631044821869,-0.06734227103985099,B,-1.4749009336887986,0,0,1,0,0,1,0
129,-0.290555011704733,-1.6116540286621543,A,-1.5441379290205632,1,0,0,0,0,1,0
130,0.7904212644987878,-0.8335863746431014,B,-0.3671090083805701,0,0,0,0,1,1,0
131,1.5625471760727312,-0.685706905357387,B,0.04831296361001547,0,0,1,0,0,1,0
132,1.511072115301135,0.11572038635751326,B,-1.2671899476935058,0,0,0,0,1,1,0
133,1.4595970545295387,-1.0147678732800676,A,-1.4056639383570344,0,0,1,0,0,1,0
134,0.6359960821839991,-0.016422201024284735,B,1.3638158749135374,1,0,0,0,0,1,0
135,1.30517187221475,0.970241735962669,A,0.1867869542735442,0,0,1,0,0,1,0
136,-0.03317970784675188,0.013972234529823534,A,-0.3671090083805701,0,0,1,0,0,1,0
137,-1.6803816525378312,0.8501319721595051,B,-0.4363460037123341,0,0,0,0,1,1,0
138,-0.5994053763343103,0.45381152958479404,B,-0.1593980223852773,1,0,0,0,0,1,0
139,0.7389462037271916,-0.9267903555077119,A,0.1867869542735442,0,0,0,0,1,1,0
140,-0.9082557409638877,-0.5909797531574419,B,-0.09016102705351263,0,0,0,0,1,1,0
141,-0.6508804371059066,-0.7320306314742787,B,1.2253418842500092,0,0,0,1,0,1,0
142,-1.165631044821869,1.1470783251237036,B,-0.8517679757029203,0,0,0,0,1,1,0
143,1.047796568356769,-1.309904358341536,B,-1.4056639383570344,0,0,0,1,0,1,0
144,1.6654972976159237,-1.0132899294780922,B,1.2945788795817732,0,0,0,0,1,1,0
145,0.8933713860419802,0.33647980952559187,A,0.04831296361001547,0,0,0,1,0,1,0
146,1.4081219937579426,-0.6928405905343485,B,1.156104888918244,0,0,0,1,0,1,0
147,1.099271629128365,-0.2760213433908503,A,0.25602394960530883,0,0,0,1,0,1,0
148,0.841896325270384,1.332512745033159,B,-0.8517679757029203,0,0,0,1,0,1,0
149,-0.9082557409638877,0.352397601562945,B,1.3638158749135374,0,0,0,0,1,1,0
150,-1.4744814094514462,-1.361613227201621,A,0.39449794026883694,0,0,0,1,0,1,0
151,-1.165631044821869,-0.9623936230817486,B,1.2253418842500092,0,0,0,0,1,1,0
152,0.01829535292484435,0.4067541975454485,,0.25602394960530883,0,0,1,0,0,0,1
153,0.7904212644987878,-1.1304047106908426,B,0.39449794026883694,0,0,0,0,1,1,0
154,0.6359960821839991,1.5159763176838597,B,0.9483939029229518,0,0,0,0,1,1,0
155,0.841896325270384,1.6552387920121028,B,1.4330528702453014,1,0,0,0,0,1,0
156,1.5625471760727312,-1.3172841119627063,A,1.3638158749135374,1,0,0,0,0,1,0
157,-0.5994053763343103,0.08941482644642174,A,0.1867869542735442,0,0,1,0,0,1,0
158,-1.01120586250708,-0.14882005567063566,B,0.6714459215958943,1,0,0,0,0,1,0
159,0.7389462037271916,0.0026408210024382243,A,-0.1593980223852773,1,0,0,0,0,1,0
160,1.4595970545295387,1.5216190273966919,A,0.25602394960530883,0,0,0,0,1,1,0
161,-0.13612982938994433,0.673873375543434,,-0.3671090083805701,0,0,1,0,0,0,1
162,1.511072115301135,0.11365141834842012,B,1.08686789358648,0,0,0,0,1,0,1
163,1.4595970545295387,-0.8241161890987015,A,0.39449794026883694,0,0,0,1,0,1,0
164,-0.13612982938994433,-0.9680708283708717,B,0.5329719309323663,0,0,0,1,0,1,0
165,0.7389462037271916,1.6467114855529883,B,-0.8517679757029203,0,0,1,0,0,1,0
166,-0.13612982938994433,-1.4502584260172964,B,1.017630898254716,0,0,0,1,0,1,0
167,0.32714571755442173,-1.101654564273268,A,0.6714459215958943,0,1,0,0,0,1,0
168,-1.3200562271366576,0.5694567992475511,B,0.7406829169276584,1,0,0,0,0,1,0
169,0.2756706567828255,1.6170468230795236,B,0.25602394960530883,0,0,0,1,0,1,0
170,1.1507466898999614,-0.5233024987481102,B,1.2253418842500092,1,0,0,0,0,1,0
171,0.4815708998692104,0.6314208196547451,B,0.1867869542735442,0,0,0,1,0,1,0
172,1.30517187221475,-0.7599107228009602,B,1.4330528702453014,1,0,0,0,0,1,0
173,-1.1141559840502726,-0.49959023960573345,A,0.9483939029229518,0,0,1,0,0,1,0
174,0.6874711429555953,0.08741791586335869,A,1.5022898655770653,0,0,0,0,1,1,0
175,-0.34203007247632927,1.6430771849486498,A,0.04831296361001547,0,0,0,0,1,1,0
176,-0.34203007247632927,0.7113547356044204,B,0.5329719309323663,0,0,0,0,1,1,0
177,-1.5259564702230426,0.8968282505003391,B,0.46373493560060103,0,0,1,0,0,1,0
178,-1.5259564702230426,0.8923330936254517,B,1.156104888918244,0,1,0,0,0,1,0
179,0.6359960821839991,-1.5737648542325726,A,-0.09016102705351263,0,0,0,0,1,1,0
180,-1.165631044821869,-0.743581283553202,B,-0.990241966366449,0,0,1,0,0,1,0
181,-0.7023554978775028,0.7893193374320661,A,-1.4056639383570344,0,0,1,0,0,1,0
182,-1.5774315309946387,1.036957713646027,A,-1.059478961698213,0,0,1,0,0,1,0
183,-0.18760489016154056,0.4642192282359446,B,-0.020924031721748584,0,0,1,0,0,1,0
184,-1.5259564702230426,-1.572611168847732,B,1.08686789358648,0,0,0,0,1,1,0
185,-0.8567806801922915,-0.2828621994535201,B,-0.020924031721748584,1,0,0,0,0,1,0
186,1.3566469329863462,-1.5121565215453565,A,1.5715268609088306,1,0,0,0,0,1,0
187,-0.8567806801922915,-1.6971333001426854,A,1.08686789358648,0,0,0,1,0,1,0
188,-0.8053056194206953,0.15834465355929483,B,0.25602394960530883,1,0,0,0,0,1,0
189,0.5330459606408067,0.7097694722317628,B,-0.1593980223852773,0,0,0,0,1,1,0
190,1.1507466898999614,-1.3756306962695257,B,-1.4749009336887986,1,0,0,0,0,1,0
191,1.4595970545295387,1.1814972445784189,B,0.04831296361001547,0,0,0,0,1,1,0
192,0.22419559601122926,0.46508621705338976,A,-1.1287159570299772,0,0,0,0,1,1,0
193,-0.5479303155627142,1.414787760760445,A,0.3252609449370729,0,0,0,1,0,1,0
194,-0.13612982938994433,0.23489417019065037,A,-1.059478961698213,0,0,1,0,0,1,0
195,0.9963215075851727,-1.5094643334579405,B,0.11754995894178014,0,0,0,0,1,1,0
196,0.4815708998692104,-1.4972337352419054,B,0.6022089262641304,0,0,0,0,1,1,0
197,0.12124547446803681,0.8104536271729679,B,-0.020924031721748584,0,0,0,1,0,1,0
198,-0.2390799509331368,0.3761872841098856,A,-1.6826119196840919,0,0,0,0,1,1,0
199,-1.6289065917662349,1.3973092355380181,B,-1.751848915015856,0,0,0,1,0,1,0
200,-0.5994053763343103,-0.059561602165344084,A,0.8791569075911878,0,0,0,1,0,1,0
201,0.6359960821839991,0.008805563769806027,A,0.5329719309323663,0,0,0,0,1,1,0
202,-0.959730801735484,1.4786620695257937,B,0.3252609449370729,0,0,1,0,0,1,0
203,1.6140222368443273,-1.131168212779415,A,1.5715268609088306,0,0,1,0,0,1,0
204,0.7904212644987878,-1.672150837224441,B,0.46373493560060103,0,0,0,0,1,1,0
205,0.5330459606408067,1.1205550597977982,B,-0.09016102705351263,0,0,0,1,0,1,0
206,0.2756706567828255,0.7407786956122112,B,0.7406829169276584,0,0,0,1,0,1,0
207,1.30517187221475,-1.0163508369476395,B,1.017630898254716,0,0,0,1,0,1,0
208,1.511072115301135,-0.3104318305935833,A,-0.297872013048806,0,0,1,0,0,1,0
209,-0.7023554978775028,1.3909068565784235,B,-0.8517679757029203,1,0,0,0,0,1,0
210,-0.4449801940195217,1.0719875880852727,A,-1.2671899476935058,0,0,0,1,0,1,0
211,1.253696811443154,-0.9813516252428749,B,-0.7825309803711556,0,0,0,1,0,1,0
212,-1.42300634867985,0.6746775057551931,B,-0.990241966366449,1,0,0,0,0,1,0
213,1.5625471760727312,-0.7047507631750592,B,-0.1593980223852773,0,0,1,0,0,1,0
214,0.17272053523963304,-1.0646561422803542,A,-0.22863501771704134,0,0,0,1,0,1,0
215,-0.9082557409638877,-0.8139415272296049,A,-0.1593980223852773,0,0,1,0,0,1,0
216,0.3786207783260179,-0.13187199575472694,A,1.4330528702453014,0,0,0,1,0,1,0
217,-1.01120586250708,0.4888758996003304,A,0.1867869542735442,0,0,0,0,1,1,0
218,1.047796568356769,1.5453550501582909,B,-0.22863501771704134,0,0,0,0,1,1,0
219,-0.2390799509331368,-1.3331382788260118,B,0.11754995894178014,0,0,1,0,0,1,0
220,1.3566469329863462,-0.045377787762880706,A,0.8099199122594225,0,0,0,0,1,1,0
221,-0.13612982938994433,0.3848686708097665,A,-1.4056639383570344,0,0,0,1,0,1,0
222,-0.5994053763343103,0.5359201999775215,B,1.017630898254716,0,0,1,0,0,1,0
223,-0.34203007247632927,-0.612986397694323,A,0.6714459215958943,0,0,0,0,1,1,0
224,0.5845210214124028,0.3805927524864169,A,-1.3364269430252704,1,0,0,0,0,1,0
225,0.6874711429555953,-0.8431370498655133,B,-1.4749009336887986,0,0,0,0,1,1,0
226,-0.9082557409638877,-1.5749415366682742,B,-0.5748199943758628,0,0,0,0,1,1,0
227,1.3566469329863462,0.6642130810452532,A,0.11754995894178014,1,0,0,0,0,1,0
228,0.841896325270384,-0.18321367836940414,A,-0.09016102705351263,0,0,1,0,0,1,0
229,-0.8567806801922915,-1.2414076423532043,B,-1.3364269430252704,0,0,0,0,1,1,0
230,1.4081219937579426,-1.2473799764617053,B,-1.6133749243523272,0,0,1,0,0,1,0
231,1.5625471760727312,1.0728085828009966,B,-0.020924031721748584,0,0,1,0,0,0,1
232,-0.39350513324792546,1.607365831235568,A,1.017630898254716,1,0,0,0,0,1,0
233,1.4081219937579426,1.4452197581642923,A,-1.059478961698213,0,0,0,1,0,1,0
234,-1.1141559840502726,-0.3956320711903391,A,0.39449794026883694,0,0,0,0,1,1,0
235,0.2756706567828255,1.2763163849818064,A,1.5715268609088306,0,0,1,0,0,1,0
236,0.9448464468135764,1.1059718632787225,B,1.5022898655770653,1,0,0,0,0,1,0
238,-0.39350513324792546,1.489357231312702,A,-0.4363460037123341,1,0,0,0,0,1,0
239,0.3786207783260179,-0.2695821691498791,A,-0.5055829990440988,0,0,0,1,0,1,0
240,1.253696811443154,0.6942955232760193,A,-1.6133749243523272,0,0,0,1,0,1,0
241,-0.34203007247632927,0.5881189060209374,A,-0.22863501771704134,0,0,0,1,0,1,0
242,-0.4964552547911179,1.17906568973409,B,-0.7825309803711556,0,0,1,0,0,1,0
243,0.17272053523963304,-1.3769154648442719,A,0.46373493560060103,1,0,0,0,0,1,0
244,0.32714571755442173,1.1296066990165352,B,1.3638158749135374,0,0,1,0,0,1,0
245,0.5330459606408067,0.5476609610102257,A,0.5329719309323663,1,0,0,0,0,1,0
246,-1.3200562271366576,1.2063884858615828,A,0.1867869542735442,0,0,1,0,0,1,0
247,-0.5994053763343103,0.49495478671115195,B,1.6407638562405948,0,0,0,0,1,1,0
248,-1.4744814094514462,-1.2479234734303777,A,1.2945788795817732,0,0,0,0,1,1,0
249,-1.5774315309946387,-1.2262840151389043,B,0.25602394960530883,0,0,0,1,0,1,0
250,-0.2390799509331368,-0.11784762757156395,B,1.2253418842500092,1,0,0,0,0,1,0
251,-1.217106105593465,-0.9523224479415249,B,-1.6133749243523272,0,0,1,0,0,1,0
252,0.6359960821839991,0.7756291930547438,B,-0.09016102705351263,0,0,0,0,1,1,0
253,-0.4964552547911179,-0.4149787235110094,B,-1.1979529523617418,0,0,0,0,1,1,0
254,1.4595970545295387,0.3487073414681789,B,-0.297872013048806,0,0,1,0,0,1,0
255,-0.6508804371059066,0.3214351388525796,B,1.08686789358648,1,0,0,0,0,1,0
256,0.01829535292484435,0.8478138694327556,B,1.7100008515723588,0,0,0,0,1,1,0
257,0.8933713860419802,0.7734230093088492,A,-1.5441379290205632,0,0,0,0,1,1,0
258,-1.6289065917662349,-0.6549437504211467,A,-0.020924031721748584,0,0,0,0,1,1,0
259,0.06977041369644058,-0.5584596235354512,A,-0.1593980223852773,1,0,0,0,0,1,0
260,1.4081219937579426,-0.20183132417779343,A,1.156104888918244,0,0,1,0,0,1,0
261,1.3566469329863462,-1.0292514159120805,A,-1.059478961698213,0,0,0,1,0,1,0
262,-1.42300634867985,-0.588694612870259,A,-0.09016102705351263,1,0,0,0,0,1,0
263,-1.165631044821869,-1.0251771050679424,A,-0.6440569897076275,0,0,0,0,1,1,0
264,-1.0626809232786765,-0.8956377838435655,A,1.7100008515723588,0,1,0,0,0,1,0
265,-0.34203007247632927,-1.0402409399500048,B,0.25602394960530883,0,0,0,0,1,1,0
266,1.7169723583875198,-1.437843851394376,B,-1.751848915015856,1,0,0,0,0,1,0
267,0.22419559601122926,0.7794436372241573,B,0.46373493560060103,1,0,0,0,0,1,0
268,1.047796568356769,-0.8509606465682933,B,1.3638158749135374,0,0,0,0,1,1,0
269,-1.5774315309946387,0.33062016096630786,B,-0.9210049710346843,0,0,0,1,0,1,0
270,-1.217106105593465,0.8312874221159579,B,-1.2671899476935058,0,0,0,0,1,1,0
271,1.511072115301135,-1.5836857819738406,B,-0.5055829990440988,0,0,0,1,0,1,0
272,-1.5774315309946387,1.397148256181994,A,0.25602394960530883,0,0,1,0,0,1,0
273,-0.5994053763343103,-1.1604587898922138,A,1.3638158749135374,0,0,1,0,0,1,0
274,0.5330459606408067,0.802928992131376,B,1.08686789358648,1,0,0,0,0,1,0
275,-1.01120586250708,0.3432156457226649,A,1.017630898254716,1,0,0,0,0,1,0
276,1.6140222368443273,-0.05310479685204641,B,-1.3364269430252704,0,0,0,0,1,1,0
277,0.4300958390976142,0.04776716733785428,B,-1.1979529523617418,0,0,1,0,0,1,0
278,-0.13612982938994433,1.6679822244623301,B,-0.5748199943758628,0,0,1,0,0,1,0
279,-0.5994053763343103,0.25235046493057867,B,-0.1593980223852773,0,0,0,0,1,1,0
280,1.047796568356769,1.0616879755731667,A,-0.9210049710346843,0,0,1,0,0,1,0
281,0.7904212644987878,-0.04562845561726141,B,-0.5748199943758628,0,0,1,0,0,1,0
282,0.5330459606408067,-0.3768496131841156,B,0.1867869542735442,1,0,0,0,0,1,0
283,-1.5774315309946387,-1.5088901737547875,A,-1.1979529523617418,1,0,0,0,0,1,0
284,-1.217106105593465,-0.7405548716599455,A,1.2945788795817732,1,0,0,0,0,1,0
285,0.17272053523963304,1.6516635171716398,A,0.7406829169276584,1,0,0,0,0,1,0
286,0.5845210214124028,1.522075902140456,A,-0.9210049710346843,1,0,0,0,0,1,0
287,0.4300958390976142,-0.8904557817163077,B,-0.020924031721748584,0,0,1,0,0,1,0
288,-0.7538305586490991,0.6940379563063804,B,-0.6440569897076275,0,0,1,0,0,1,0
289,-0.34203007247632927,0.4832124925417237,A,0.04831296361001547,0,0,0,0,1,1,0
290,0.2756706567828255,-1.0457954943012047,B,-0.4363460037123341,0,0,1,0,0,1,0
291,0.6359960821839991,0.32401387482241617,A,1.2945788795817732,1,0,0,0,0,1,0
292,-0.2390799509331368,-0.9200100583456415,B,-0.9210049710346843,0,0,1,0,0,1,0
293,-0.2390799509331368,-1.3951137977586359,B,0.46373493560060103,1,0,0,0,0,1,0
294,0.9448464468135764,-0.62926984284036,A,1.3638158749135374,0,0,0,1,0,1,0
295,-0.8567806801922915,-0.6482692396930353,A,-0.22863501771704134,0,0,0,0,1,1,0
296,-1.217106105593465,1.650209336988887,A,1.156104888918244,0,0,0,0,1,1,0
297,-0.4964552547911179,1.4746743809065632,A,1.156104888918244,1,0,0,0,0,1,0
298,-0.13612982938994433,0.834131390739054,A,-0.8517679757029203,0,0,0,1,0,1,0
299,-1.1141559840502726,0.4245063876731167,A,-1.6826119196840919,1,0,0,0,0,1,0
300,-0.03317970784675188,-0.7756039103082415,A,0.9483939029229518,0,0,0,0,1,1,0
301,-0.13612982938994433,1.1919716346770655,B,-0.7825309803711556,1,0,0,0,0,1,0
302,-0.5479303155627142,0.43196739754066094,B,-1.4056639383570344,0,0,1,0,0,1,0
303,0.17272053523963304,0.04737928374667186,A,0.1867869542735442,1,0,0,0,0,1,0
304,-1.01120586250708,0.6158418508334048,B,1.7100008515723588,0,0,1,0,0,1,0
305,-0.13612982938994433,-0.571060474270342,,0.6022089262641304,0,0,1,0,0,0,1
306,-1.6803816525378312,-0.05686021525758412,A,-1.3364269430252704,0,0,0,1,0,1,0
307,-0.13612982938994433,0.5661827857733621,B,-1.1287159570299772,0,0,0,1,0,1,0
308,0.17272053523963304,0.8559946869922372,B,-1.5441379290205632,0,0,1,0,0,1,0
309,1.2022217506715576,0.4931387862615258,,-0.6440569897076275,0,0,0,0,1,0,1
310,1.2022217506715576,0.05034283703424266,A,0.04831296361001547,0,0,0,0,1,1,0
311,-0.34203007247632927,0.6757836639015886,A,0.6714459215958943,0,0,1,0,0,1,0
312,-0.39350513324792546,0.45644009249816175,B,-1.6133749243523272,1,0,0,0,0,1,0
313,-0.959730801735484,-0.9119978858258047,B,-0.5055829990440988,0,0,1,0,0,1,0
314,-1.4744814094514462,0.5781136557598474,A,-0.8517679757029203,1,0,0,0,0,1,0
315,-1.1141559840502726,1.1883120373167801,A,0.3252609449370729,0,0,1,0,0,1,0
316,0.2756706567828255,-1.4216454953365234,B,-0.8517679757029203,0,0,1,0,0,1,0
317,-1.3200562271366576,-1.6021531803832736,A,1.5022898655770653,0,0,1,0,0,1,0
319,-0.34203007247632927,0.0765541090368057,B,0.46373493560060103,0,0,0,0,1,1,0
320,-0.2390799509331368,0.9464819495818474,B,-0.6440569897076275,0,0,0,0,1,1,0
321,-0.39350513324792546,1.0835305744805759,B,-0.8517679757029203,0,0,0,1,0,1,0
322,-1.1141559840502726,-0.7835317603082563,A,1.7100008515723588,0,0,0,0,1,1,0
323,0.7904212644987878,0.377886766168485,A,-0.990241966366449,0,0,0,0,1,1,0
324,-1.5774315309946387,-1.5407150258724258,B,-0.5748199943758628,1,0,0,0,0,0,1
325,0.9448464468135764,0.9693249202016927,A,1.6407638562405948,0,0,0,0,1,1,0
326,-1.01120586250708,-1.1200223087956385,B,-0.9210049710346843,0,0,1,0,0,1,0
327,-0.13612982938994433,-1.2311800872671284,B,0.8099199122594225,1,0,0,0,0,1,0
328,0.7904212644987878,-0.544771778863215,A,-1.1287159570299772,1,0,0,0,0,1,0
329,1.6140222368443273,0.6561073871852496,A,-0.7132939850393916,0,0,0,0,1,1,0
330,-1.217106105593465,-0.11831753397748253,A,1.6407638562405948,0,0,1,0,0,1,0
331,-1.0626809232786765,0.964331493891492,B,1.5022898655770653,0,0,0,0,1,1,0
332,-1.6289065917662349,-0.07053962767783795,B,1.4330528702453014,0,0,0,1,0,1,0
333,0.2756706567828255,0.11827842498157522,B,-1.6133749243523272,1,0,0,0,0,1,0
334,0.32714571755442173,-1.0094448225741979,B,1.2945788795817732,1,0,0,0,0,1,0
335,0.2756706567828255,-0.0017930678185273164,B,-0.8517679757029203,0,0,0,0,1,0,1
336,1.3566469329863462,1.6452527059600635,B,0.46373493560060103,0,0,0,0,1,1,0
337,-0.4449801940195217,-1.4122205373254828,B,-0.09016102705351263,0,0,0,1,0,1,0
338,1.3566469329863462,-1.1450576649308621,A,-0.297872013048806,1,0,0,0,0,1,0
339,0.2756706567828255,0.0340586253198436,A,-1.3364269430252704,0,0,0,0,1,1,0
340,-0.4449801940195217,-0.21357131864213547,A,0.8099199122594225,0,0,0,1,0,1,0
341,0.06977041369644058,1.2223683699362597,A,-0.297872013048806,1,0,0,0,0,1,0
342,0.5845210214124028,-1.0238455758231129,B,-0.5055829990440988,1,0,0,0,0,1,0
343,0.3786207783260179,-1.3309060317558083,A,-0.09016102705351263,0,0,0,1,0,1,0
344,-0.39350513324792546,1.4687518737415937,B,-1.4056639383570344,1,0,0,0,0,1,0
345,-0.4449801940195217,1.295253689797158,A,-1.2671899476935058,1,0,0,0,0,1,0
346,-1.3200562271366576,-1.033288931474842,A,-1.6133749243523272,0,0,0,0,1,1,0
347,-0.5479303155627142,-0.9492630736087015,A,0.1867869542735442,1,0,0,0,0,1,0
348,-0.4449801940195217,-0.27873882823421264,A,0.9483939029229518,1,0,0,0,0,1,0
349,0.17272053523963304,1.1841610696364397,B,-0.990241966366449,0,0,0,0,1,1,0
350,0.4300958390976142,0.20270903094286244,A,-0.4363460037123341,0,0,0,0,1,1,0
351,-0.18760489016154056,0.47771849709112374,B,-1.4749009336887986,0,0,1,0,0,1,0
352,-1.3200562271366576,1.2360654134288398,A,-0.7825309803711556,0,0,1,0,0,1,0
353,-0.03317970784675188,-0.004721301546405621,A,-1.4056639383570344,0,0,1,0,0,1,0
354,1.511072115301135,1.359840907139186,B,-0.7825309803711556,1,0,0,0,0,1,0
355,0.6359960821839991,-1.5508053652217002,B,-1.1979529523617418,0,0,0,0,1,1,0
356,-1.6803816525378312,0.5563484802570026,B,0.8791569075911878,0,0,0,1,0,1,0
357,0.9448464468135764,-1.4273089023951302,A,1.2253418842500092,1,0,0,0,0,1,0
358,1.2022217506715576,1.4719331324439782,B,0.6714459215958943,0,0,1,0,0,1,0
359,-0.7538305586490991,-1.0425628755185647,A,0.6022089262641304,1,0,0,0,0,1,0
360,0.12124547446803681,1.42100846301824,A,-1.6133749243523272,0,0,0,0,1,1,0
361,-0.8567806801922915,-0.11506345128070593,A,1.5022898655770653,0,0,1,0,0,1,0
362,-1.2685811663650615,0.39302802445511165,A,1.5022898655770653,0,0,1,0,0,1,0
363,0.2756706567828255,-0.16594595944653306,B,-1.1287159570299772,0,0,0,0,1,1,0
364,-0.8567806801922915,0.8696426701096482,A,0.7406829169276584,1,0,0,0,0,1,0
365,0.06977041369644058,0.6618221543241115,B,0.11754995894178014,0,0,0,1,0,1,0
366,1.4081219937579426,0.6840787001470111,A,-0.8517679757029203,1,0,0,0,0,1,0
367,-0.0846547686183481,-0.4426648730420998,A,-0.990241966366449,0,0,0,0,1,1,0
368,-0.03317970784675188,-0.39102576190295857,B,-0.6440569897076275,1,0,0,0,0,1,0
369,0.9963215075851727,0.45944657361400576,A,-1.1287159570299772,0,0,0,1,0,1,0
370,-1.5774315309946387,-0.6998033309665798,A,-0.09016102705351263,0,0,1,0,0,1,0
371,-1.6803816525378312,0.649961808626932,A,0.46373493560060103,0,0,0,0,1,1,0
372,-1.217106105593465,1.604817758000212,A,-0.020924031721748584,0,0,0,0,1,1,0
373,-0.8567806801922915,-0.5116222966160057,B,-1.5441379290205632,1,0,0,0,0,1,0
374,-0.6508804371059066,0.8492036578730984,B,0.9483939029229518,0,0,1,0,0,1,0
375,1.6140222368443273,0.6419665006110594,B,0.11754995894178014,0,0,1,0,0,1,0
376,0.6359960821839991,-0.5628896220995667,A,1.2945788795817732,0,0,0,0,1,1,0
377,-0.959730801735484,-0.4901867455088295,B,0.7406829169276584,0,0,1,0,0,1,0
378,1.5625471760727312,-0.6847448620630513,A,0.25602394960530883,0,0,1,0,0,1,0
379,1.1507466898999614,-0.3169162323679138,B,-1.6826119196840919,0,0,0,0,1,1,0
380,0.12124547446803681,-1.7134857364413043,A,1.3638158749135374,0,0,1,0,0,1,0
381,-0.6508804371059066,1.302135940551377,A,0.8099199122594225,0,0,0,1,0,1,0
382,1.4595970545295387,-0.5535505197450725,A,-0.020924031721748584,0,0,0,0,1,1,0
383,-0.34203007247632927,-0.4678704073536922,B,0.46373493560060103,0,0,0,1,0,1,0
384,0.9963215075851727,1.6425919471754908,A,-1.4056639383570344,1,0,0,0,0,1,0
385,-1.217106105593465,1.1008343221164623,B,1.5715268609088306,0,0,0,1,0,1,0
386,1.6654972976159237,-1.6710278145740811,A,0.8099199122594225,0,0,1,0,0,1,0
387,0.06977041369644058,-0.3926156246857887,B,1.5022898655770653,0,0,1,0,0,1,0
388,-0.5479303155627142,-0.8653613998172084,B,0.04831296361001547,0,0,1,0,0,1,0
389,1.2022217506715576,-0.028479554790503438,A,1.2253418842500092,1,0,0,0,0,1,0
390,-1.4744814094514462,1.1733838850347955,B,0.1867869542735442,0,0,0,1,0,1,0
391,1.047796568356769,-1.645271884178558,B,-0.22863501771704134,0,0,0,1,0,1,0
392,1.3566469329863462,-0.3074805423998049,B,0.04831296361001547,0,0,0,0,1,1,0
393,-0.8567806801922915,-0.27756367893523526,B,0.11754995894178014,0,0,0,1,0,1,0
394,-1.42300634867985,0.7680424659758279,A,-0.3671090083805701,0,0,0,0,1,1,0
395,0.3786207783260179,-1.6345383939735487,A,-1.4056639383570344,1,0,0,0,0,1,0
396,-0.18760489016154056,0.3448591682908365,A,-0.09016102705351263,1,0,0,0,0,1,0
397,-0.8053056194206953,0.8004851721932548,A,-0.7132939850393916,1,0,0,0,0,1,0
398,-0.03317970784675188,-1.282044964360629,A,0.5329719309323663,0,0,0,0,1,1,0
399,0.01829535292484435,-1.3781864351885018,B,0.25602394960530883,0,0,1,0,0,1,0
400,-1.1141559840502726,-1.247441301930667,A,1.7100008515723588,1,0,0,0,0,1,0
401,-1.5774315309946387,-0.4835428975151987,A,-0.8517679757029203,0,0,0,0,1,1,0
402,1.6654972976159237,0.5538264703459557,A,0.6714459215958943,1,0,0,0,0,1,0
403,-0.18760489016154056,0.03657603582071855,B,0.9483939029229518,0,0,0,0,1,1,0
404,0.32714571755442173,-0.33577688034706343,B,0.8791569075911878,1,0,0,0,0,1,0
405,1.511072115301135,0.2092455593658103,A,-0.020924031721748584,0,0,0,1,0,1,0
406,-1.3200562271366576,-0.2748009665585137,B,0.3252609449370729,1,0,0,0,0,1,0
407,0.9448464468135764,-1.3904461630022937,,0.8099199122594225,0,0,1,0,0,0,1
408,-0.5479303155627142,-1.2887938322198564,A,0.8791569075911878,0,0,0,1,0,1,0
409,-0.290555011704733,1.3445616665473956,A,1.08686789358648,0,0,0,0,1,1,0
410,1.5625471760727312,1.6703401887439044,A,1.017630898254716,0,0,1,0,0,1,0
411,-1.217106105593465,-0.7150672401911295,B,-0.9210049710346843,0,0,0,1,0,1,0
412,-0.9082557409638877,-0.24776486699841685,A,0.6022089262641304,0,0,0,1,0,1,0
413,-1.42300634867985,-0.19079657260650992,A,-0.22863501771704134,0,0,1,0,0,1,0
414,1.7169723583875198,0.2047580681745429,A,-1.3364269430252704,0,0,0,0,1,1,0
415,1.1507466898999614,1.3943165526526904,A,1.08686789358648,0,0,0,0,1,1,0
416,-0.959730801735484,-0.7786165239709816,B,-0.3671090083805701,0,0,0,1,0,1,0
417,-0.03317970784675188,-1.016852939224763,B,-0.297872013048806,0,0,0,0,1,1,0
418,1.5625471760727312,0.6149625969221674,B,1.2253418842500092,0,0,1,0,0,1,0
419,-1.42300634867985,-0.18744896856956678,A,1.2945788795817732,1,0,0,0,0,1,0
420,0.9963215075851727,0.277528402781138,A,1.156104888918244,1,0,0,0,0,1,0
421,-0.290555011704733,1.6376015871387382,B,-1.1979529523617418,0,0,0,1,0,1,0
422,1.1507466898999614,-0.2057208920466847,B,0.6714459215958943,1,0,0,0,0,1,0
423,-0.18760489016154056,-0.7552676182322026,B,1.4330528702453014,1,0,0,0,0,1,0
424,-1.4744814094514462,-1.2099699072583863,A,-0.3671090083805701,1,0,0,0,0,1,0
425,0.22419559601122926,1.3795033856250087,A,0.25602394960530883,0,0,0,1,0,1,0
426,-0.39350513324792546,0.03230701661262713,B,-1.3364269430252704,0,0,1,0,0,1,0
427,-0.6508804371059066,-0.021640231864557474,B,1.2253418842500092,0,0,1,0,0,1,0
428,-0.39350513324792546,1.5302743507722636,A,-0.5055829990440988,1,0,0,0,0,1,0
429,-1.5774315309946387,-1.2409546004512504,A,1.2253418842500092,0,0,1,0,0,1,0
430,-1.4744814094514462,-0.10872086465334914,A,-1.1979529523617418,0,0,0,1,0,1,0
431,1.6140222368443273,0.2679654624649337,A,0.46373493560060103,0,0,0,1,0,1,0
432,0.9963215075851727,-0.6551100957557052,B,-0.297872013048806,0,0,1,0,0,1,0
433,-0.03317970784675188,1.6857566450724966,A,-1.6826119196840919,0,0,0,0,1,1,0
434,0.7389462037271916,0.6195643067993756,A,0.6714459215958943,0,0,1,0,0,1,0
435,-0.2390799509331368,-0.6350911629815429,A,1.4330528702453014,0,0,0,0,1,1,0
436,1.5625471760727312,0.2463306035836324,A,-0.7132939850393916,0,0,0,0,1,1,0
437,-0.5479303155627142,-0.41568779924587823,A,-0.6440569897076275,0,0,1,0,0,1,0
438,-0.39350513324792546,-0.657996225638712,A,-0.22863501771704134,0,0,0,1,0,1,0
439,0.06977041369644058,-1.43173660125416,B,-1.6826119196840919,0,0,0,0,1,1,0
440,-1.165631044821869,-0.850605725416678,A,-1.6826119196840919,1,0,0,0,0,1,0
441,-0.2390799509331368,-0.723768557668423,B,0.1867869542735442,0,0,0,1,0,1,0
442,0.841896325270384,-0.0017930678185273164,A,-0.020924031721748584,0,0,1,0,0,0,1
443,0.01829535292484435,1.1835570137671678,A,-1.059478961698213,1,0,0,0,0,1,0
444,1.30517187221475,-1.275274632587265,B,-0.1593980223852773,0,0,0,0,1,1,0
445,1.6654972976159237,-1.5255645687654549,A,1.08686789358648,0,0,0,1,0,1,0
446,-0.8567806801922915,1.3221640721458838,B,-1.4749009336887986,1,0,0,0,0,1,0
447,0.3786207783260179,0.5192573034922844,A,-1.1979529523617418,1,0,0,0,0,1,0
448,1.4595970545295387,0.14520183899245526,A,-0.22863501771704134,0,0,1,0,0,1,0
449,-0.03317970784675188,-0.23750511604113603,B,0.8791569075911878,0,0,0,1,0,1,0
450,-1.2685811663650615,-1.4896546738466099,B,-0.8517679757029203,0,0,0,0,1,1,0
451,-0.8053056194206953,1.3352516937906576,A,-0.020924031721748584,0,0,1,0,0,0,1
452,0.7389462037271916,-1.1910962276170824,A,-1.3364269430252704,0,0,0,1,0,1,0
453,1.253696811443154,1.534675219738623,A,1.3638158749135374,0,0,0,1,0,1,0
454,-1.6289065917662349,-1.3823174720914295,B,-0.4363460037123341,0,0,0,0,1,1,0
455,-1.01120586250708,-0.36828014546508964,B,-0.297872013048806,0,0,1,0,0,1,0
456,1.4081219937579426,0.2067036186773507,B,1.7100008515723588,0,0,0,1,0,1,0
457,0.9448464468135764,0.5052620649068783,B,1.5022898655770653,0,0,0,1,0,1,0
458,0.06977041369644058,1.4751159242830871,B,1.156104888918244,0,0,1,0,0,1,0
459,-0.8053056194206953,1.3152649568877004,B,-1.3364269430252704,1,0,0,0,0,1,0
460,-1.5774315309946387,1.495568734750153,B,1.5022898655770653,0,0,0,1,0,1,0
461,0.7904212644987878,-0.7342291495365533,A,-0.5748199943758628,1,0,0,0,0,1,0
462,-1.01120586250708,-1.716867836054538,B,1.2945788795817732,0,0,0,0,1,1,0
463,0.841896325270384,1.5350707690134253,B,1.017630898254716,1,0,0,0,0,1,0
464,-0.5479303155627142,1.1005039311524312,A,-1.751848915015856,0,0,0,1,0,1,0
465,1.1507466898999614,1.4881951136758786,B,-0.22863501771704134,1,0,0,0,0,1,0
466,-1.1141559840502726,1.4392428246456193,A,-0.8517679757029203,1,0,0,0,0,1,0
467,0.32714571755442173,-1.482436666149826,B,0.39449794026883694,0,0,0,1,0,1,0
468,0.7904212644987878,0.14340960216205154,A,0.8791569075911878,0,0,0,1,0,1,0
469,-1.5774315309946387,-0.2300088440289386,B,0.11754995894178014,0,0,0,0,1,1,0
470,-1.42300634867985,-0.9441937570306608,A,1.3638158749135374,0,0,1,0,0,1,0
471,0.5845210214124028,-0.7488253777177833,A,-1.059478961698213,0,0,0,1,0,1,0
472,-0.03317970784675188,-0.15821205124210944,B,1.08686789358648,0,0,0,1,0,1,0
473,-0.290555011704733,0.42936949736177393,A,-0.5748199943758628,1,0,0,0,0,1,0
474,0.12124547446803681,-0.6621901211473256,B,-1.751848915015856,1,0,0,0,0,1,0
475,1.5625471760727312,-1.5661068362959891,B,0.8099199122594225,0,0,1,0,0,1,0
476,-1.6803816525378312,0.12792415468087784,B,1.3638158749135374,0,0,1,0,0,1,0
477,0.6874711429555953,-1.3599551398345708,B,-1.751848915015856,0,0,0,0,1,1,0
478,-0.0846547686183481,0.9332977403234589,A,-1.059478961698213,0,0,0,1,0,1,0
479,-1.6289065917662349,0.10961160308057263,A,1.017630898254716,0,0,0,0,1,1,0
480,1.4595970545295387,-0.5562925347760195,B,-0.297872013048806,0,0,0,1,0,1,0
481,-0.5994053763343103,-1.541024719490682,B,1.7100008515723588,1,0,0,0,0,1,0
482,-0.39350513324792546,1.2184734360888343,A,-0.5055829990440988,1,0,0,0,0,1,0
483,0.5330459606408067,1.4495616013667756,A,-0.7825309803711556,0,0,0,1,0,1,0
484,-0.5994053763343103,0.6445299052136555,B,-1.1287159570299772,0,0,0,0,1,1,0
485,-1.0626809232786765,0.35020598261592867,B,0.04831296361001547,1,0,0,0,0,1,0
486,-0.34203007247632927,-0.8184819116378518,B,1.08686789358648,1,0,0,0,0,1,0
487,0.12124547446803681,-0.7332103801834281,B,0.11754995894178014,0,0,0,1,0,1,0
488,-1.01120586250708,0.9458533635249909,A,-0.22863501771704134,0,0,1,0,0,1,0
489,1.6654972976159237,-0.7300222223657853,B,-1.3364269430252704,0,0,0,0,1,1,0
490,0.12124547446803681,-0.38653827071169117,A,-0.8517679757029203,0,0,0,1,0,1,0
491,1.099271629128365,-1.5936910322349305,B,-1.1287159570299772,1,0,0,0,0,1,0
492,-1.0626809232786765,0.4824604889785819,A,-0.990241966366449,1,0,0,0,0,1,0
493,-1.01120586250708,0.8811726248427966,B,-0.297872013048806,0,0,0,0,1,1,0
494,1.7169723583875198,0.6066537624462284,A,-0.8517679757029203,1,0,0,0,0,1,0
495,-0.4449801940195217,-1.1419086020996825,A,-0.6440569897076275,0,0,0,1,0,1,0
496,1.099271629128365,0.1935370404912887,A,-1.4749009336887986,0,0,0,0,1,1,0
497,1.30517187221475,-0.9310363776649428,B,0.3252609449370729,0,0,0,1,0,1,0
498,1.4081219937579426,0.5520288675370177,A,-1.059478961698213,0,0,0,0,1,1,0
499,-1.3200562271366576,-1.6573300045131387,B,-1.5441379290205632,1,0,0,0,0,1,0
500,-0.03317970784675188,0.39563052404417065,A,-1.4056639383570344,1,0,0,0,0,1,0
501,-1.2685811663650615,-0.30392289863166827,B,-0.7825309803711556,1,0,0,0,0,1,0
502,0.12124547446803681,-0.6203354885810125,B,-0.7825309803711556,0,0,1,0,0,1,0
503,-0.8567806801922915,-0.4147111911526644,A,1.7100008515723588,1,0,0,0,0,1,0
504,-1.6289065917662349,1.3475474503174647,A,-0.7132939850393916,0,0,0,1,0,1,0
505,-1.165631044821869,-0.9692797066777779,A,-1.059478961698213,0,0,0,1,0,1,0
506,-0.4964552547911179,0.851589218615706,A,0.9483939029229518,0,0,0,1,0,1,0
507,-0.8053056194206953,-1.443655972715215,B,1.2945788795817732,0,0,1,0,0,1,0
508,-1.6289065917662349,-1.4920394680208555,A,1.4330528702453014,0,0,0,0,1,1,0
509,1.099271629128365,-0.011240198897027043,A,1.017630898254716,0,0,0,1,0,1,0
510,0.6874711429555953,1.2357350224648094,B,-1.4056639383570344,1,0,0,0,0,1,0
511,-1.01120586250708,-1.2725885770467456,B,-0.020924031721748584,0,0,1,0,0,0,1
512,0.4815708998692104,1.460699839666932,B,-1.1287159570299772,0,0,0,0,1,1,0
513,1.099271629128365,-1.6240180097731811,B,0.25602394960530883,0,0,1,0,0,1,0
514,0.9448464468135764,-0.9994135089887991,B,1.156104888918244,0,0,0,1,0,1,0
515,1.047796568356769,-0.03936789180464106,B,0.3252609449370729,0,0,0,1,0,1,0
516,-1.165631044821869,-0.29781104908127976,,0.3252609449370729,0,0,1,0,0,0,1
517,-1.6803816525378312,-0.0017930678185273164,B,-1.6133749243523272,0,0,0,1,0,0,1
518,1.5625471760727312,-1.5329573540487795,B,1.2253418842500092,0,0,1,0,0,0,1
519,-0.0846547686183481,0.8153749960571391,A,0.04831296361001547,0,0,1,0,0,1,0
520,-1.1141559840502726,-0.1548422167226679,B,1.2253418842500092,0,0,0,0,1,1,0
521,-1.5259564702230426,-0.03283442965514135,B,-0.09016102705351263,1,0,0,0,0,1,0
522,0.8933713860419802,0.38787898476742055,A,1.5022898655770653,0,0,1,0,0,1,0
523,1.7169723583875198,1.401822790053594,A,0.11754995894178014,0,0,0,1,0,1,0
524,-0.13612982938994433,1.1027131811717739,A,-0.7132939850393916,1,0,0,0,0,1,0
525,0.6874711429555953,0.09025115252938597,A,0.9483939029229518,0,0,0,1,0,1,0
526,1.047796568356769,-0.6968298122903026,B,1.4330528702453014,0,0,1,0,0,1,0
527,1.3566469329863462,1.681305182594244,B,0.11754995894178014,0,0,0,0,1,1,0
528,1.2022217506715576,0.1302583553432297,B,1.2253418842500092,0,0,0,0,1,1,0
529,-0.34203007247632927,-0.8182833704320884,A,1.3638158749135374,1,0,0,0,0,1,0
530,0.6874711429555953,1.3362160367900795,B,-0.5748199943758628,0,0,1,0,0,1,0
531,-1.4744814094514462,0.35217912957976927,B,1.08686789358648,1,0,0,0,0,1,0
532,-0.959730801735484,-0.50803092383994,B,0.11754995894178014,0,0,0,0,1,1,0
533,-0.7538305586490991,-1.7269451437416583,B,1.017630898254716,1,0,0,0,0,1,0
534,-0.8567806801922915,0.8030248131766287,B,-1.059478961698213,0,0,0,1,0,1,0
535,-0.03317970784675188,0.1340475027566965,A,0.9483939029229518,0,0,1,0,0,1,0
536,-0.5479303155627142,0.17297691045353975,B,-1.4749009336887986,0,0,0,0,1,1,0
537,1.4081219937579426,-0.9487027121360647,A,1.08686789358648,0,0,0,0,1,1,0
538,1.5625471760727312,-0.684471963726172,B,0.7406829169276584,1,0,0,0,0,1,0
539,0.6359960821839991,1.134386252753732,A,0.46373493560060103,0,0,0,0,1,1,0
540,0.06977041369644058,-1.6136225762158225,B,-0.4363460037123341,1,0,0,0,0,1,0
541,1.4081219937579426,1.5874350538230382,A,0.1867869542735442,0,0,0,1,0,1,0
542,1.047796568356769,-1.0619631876245765,B,0.6022089262641304,0,0,0,0,1,1,0
543,-1.3200562271366576,-0.0017930678185273164,A,-1.6133749243523272,0,0,0,1,0,0,1
544,-0.6508804371059066,-0.0017930678185273164,A,-0.22863501771704134,0,0,1,0,0,0,1
545,0.4300958390976142,-1.0344732795941636,B,-1.4056639383570344,0,0,1,0,0,1,0
546,1.3566469329863462,0.03632000198780373,B,-0.3671090083805701,0,0,0,0,1,1,0
547,-0.8567806801922915,1.3788188400777246,B,-1.4749009336887986,0,0,0,0,1,1,0
548,1.3566469329863462,0.9974058524392234,B,-1.751848915015856,1,0,0,0,0,1,0
549,-0.5994053763343103,-0.4127457098724442,A,-0.22863501771704134,1,0,0,0,0,1,0
550,-1.1141559840502726,-0.04975719281510325,B,-0.297872013048806,0,0,0,0,1,1,0
551,-0.39350513324792546,-0.9528299161971824,B,0.8099199122594225,0,0,1,0,0,1,0
552,1.30517187221475,-1.6954146538750354,B,0.39449794026883694,1,0,0,0,0,1,0
553,-0.6508804371059066,0.9789898141100458,A,-0.22863501771704134,0,1,0,0,0,1,0
554,1.047796568356769,1.6590877317578077,A,-0.09016102705351263,0,0,1,0,0,1,0
555,-1.165631044821869,0.11069859701791757,B,1.6407638562405948,1,0,0,0,0,1,0
556,-0.13612982938994433,0.30083974667017804,B,-0.3671090083805701,0,0,0,1,0,1,0
557,-1.3715312879082537,-0.5855769793419223,B,-0.9210049710346843,0,0,0,0,1,1,0
558,-0.7023554978775028,1.5939731153827101,B,-0.297872013048806,1,0,0,0,0,1,0
559,-0.9082557409638877,0.19185748921010176,B,-0.5055829990440988,0,0,1,0,0,1,0
560,0.5330459606408067,-1.4802833756209108,B,1.4330528702453014,0,0,0,0,1,1,0
561,-2.1951322602537933,-1.792188543601575,B,-3.0673518263193773,1,0,0,0,0,1,0
562,-0.9082557409638877,0.95494026488838,B,0.6714459215958943,0,0,1,0,0,1,0
563,-1.0626809232786765,0.7569440892304968,B,0.39449794026883694,0,0,0,1,0,1,0
564,-1.42300634867985,-0.7956918342349856,B,-0.297872013048806,0,0,0,0,1,1,0
565,1.7169723583875198,1.5403999522661913,B,1.5715268609088306,0,0,0,1,0,1,0
566,1.4081219937579426,0.857678071115234,A,-1.5441379290205632,1,0,0,0,0,1,0
567,1.253696811443154,1.2672877428139304,A,0.7406829169276584,0,0,0,0,1,1,0
568,0.841896325270384,1.4405804864373446,B,1.2253418842500092,0,0,1,0,0,1,0
569,-1.0626809232786765,0.5938260074761793,B,-0.990241966366449,0,0,0,1,0,1,0
570,-1.5774315309946387,-1.3743689247456403,B,1.08686789358648,0,0,1,0,0,1,0
571,-2.1951322602537933,-1.8161269404107478,B,-2.6519298543287917,0,0,0,0,1,1,0
572,0.7389462037271916,1.16875304555983,A,-0.5055829990440988,0,0,0,0,1,1,0
573,0.06977041369644058,-0.2044943826674521,B,1.2253418842500092,0,0,0,1,0,1,0
574,-1.0626809232786765,-1.2106107584090355,B,1.6407638562405948,0,0,1,0,0,1,0
575,0.12124547446803681,-0.8222940561021791,A,0.25602394960530883,0,1,0,0,0,1,0
576,0.3786207783260179,0.19574629051063142,A,0.7406829169276584,1,0,0,0,0,1,0
577,0.7389462037271916,-0.7594185859125431,B,-1.4749009336887986,1,0,0,0,0,1,0
578,0.2756706567828255,1.5043137466240817,A,-1.6826119196840919,1,0,0,0,0,1,0
579,-1.1141559840502726,1.4033344628634983,B,-0.09016102705351263,1,0,0,0,0,1,0
580,1.5625471760727312,-0.0017930678185273164,A,-0.9210049710346843,0,0,0,1,0,0,1
581,-0.03317970784675188,0.442114462948725,A,0.25602394960530883,1,0,0,0,0,1,0
582,-0.4449801940195217,1.0230184345510487,B,-0.7132939850393916,0,0,0,0,1,1,0
583,1.2022217506715576,-0.0017930678185273164,B,-0.990241966366449,0,0,0,1,0,0,1
584,0.7389462037271916,-1.6193036143467556,B,-0.4363460037123341,0,0,0,1,0,1,0
585,-1.5774315309946387,0.23669790554648423,B,-1.059478961698213,1,0,0,0,0,1,0
586,0.22419559601122926,0.22554280274236357,A,1.017630898254716,0,0,0,0,1,1,0
587,1.1507466898999614,1.267845804581481,A,-0.6440569897076275,1,0,0,0,0,1,0
588,-1.4744814094514462,1.3768242291997472,A,-1.6826119196840919,1,0,0,0,0,1,0
589,0.7904212644987878,0.6220778844584405,A,0.6714459215958943,0,0,0,0,1,1,0
590,-1.2685811663650615,1.4601486770146392,B,0.6714459215958943,0,0,1,0,0,1,0
591,-1.6803816525378312,1.2760488526234615,B,0.6022089262641304,1,0,0,0,0,1,0
592,-0.7538305586490991,-0.3460964236365818,B,1.3638158749135374,0,0,1,0,0,1,0
593,-1.3715312879082537,0.9773501243836843,A,-0.5055829990440988,0,0,1,0,0,1,0
594,1.30517187221475,0.7123643061372017,B,0.5329719309323663,0,0,0,0,1,1,0
595,0.7904212644987878,-1.1976503871123567,B,0.7406829169276584,1,0,0,0,0,1,0
596,0.5330459606408067,-0.041456790591146604,A,0.8791569075911878,1,0,0,0,0,1,0
597,-0.13612982938994433,-1.187503321704293,A,1.5715268609088306,0,0,1,0,0,1,0
598,0.6874711429555953,0.2238057588340254,B,-0.3671090083805701,1,0,0,0,0,1,0
599,-1.42300634867985,0.5260843613244378,A,-1.059478961698213,0,0,0,0,1,1,0
600,1.6140222368443273,1.5293077080677564,B,0.8791569075911878,0,0,0,1,0,1,0
601,1.3566469329863462,0.6504501126735392,A,0.39449794026883694,1,0,0,0,0,1,0
602,1.253696811443154,1.5055992817671895,B,-1.4749009336887986,0,0,0,1,0,1,0
603,0.5330459606408067,-0.09470339558544462,B,-0.5055829990440988,0,0,0,1,0,1,0
604,0.841896325270384,0.2854585524862389,B,-1.751848915015856,1,0,0,0,0,1,0
605,0.01829535292484435,-0.089610315388181,B,-0.990241966366449,0,0,0,1,0,1,0
606,-0.290555011704733,0.4796004224198837,B,0.9483939029229518,0,0,0,0,1,1,0
607,-0.7538305586490991,1.364334530877349,B,0.8099199122594225,0,0,1,0,0,1,0
608,-1.3200562271366576,0.7087637345407919,A,-0.9210049710346843,1,0,0,0,0,1,0
609,-1.6289065917662349,0.7713839374658751,A,-1.5441379290205632,0,0,0,1,0,1,0
610,0.9448464468135764,1.1657028700473508,A,0.9483939029229518,0,0,0,0,1,1,0
611,-0.6508804371059066,-0.0017930678185273164,B,-0.020924031721748584,1,0,0,0,0,0,1
612,-1.1141559840502726,1.4771442641689931,A,-1.059478961698213,1,0,0,0,0,1,0
613,0.9963215075851727,1.12557914884248,B,-0.7825309803711556,1,0,0,0,0,1,0
614,0.841896325270384,-1.599654167523087,A,1.156104888918244,0,0,1,0,0,1,0
615,-0.8567806801922915,-0.22225807132055045,A,0.11754995894178014,1,0,0,0,0,1,0
616,0.8933713860419802,-0.9818682923188766,B,0.9483939029229518,0,0,0,0,1,1,0
617,-0.9082557409638877,-0.7991697548934722,B,0.6714459215958943,0,0,0,0,1,1,0
618,-0.4449801940195217,0.2428258530324754,A,-0.3671090083805701,1,0,0,0,0,1,0
619,0.7904212644987878,-0.535140613962791,A,0.8791569075911878,0,0,0,1,0,1,0
620,-0.7538305586490991,-0.8173305259580971,A,-0.4363460037123341,0,0,0,1,0,1,0
621,-1.5259564702230426,-0.5687048096938534,A,-1.1979529523617418,0,0,1,0,0,1,0
622,0.6874711429555953,-0.9982743884028369,B,-0.7132939850393916,0,0,0,1,0,1,0
623,-0.34203007247632927,0.8173259125384807,,-0.990241966366449,0,0,1,0,0,0,1
624,-1.6289065917662349,0.32141444150680504,A,1.2253418842500092,0,0,0,1,0,1,0
625,0.22419559601122926,-0.27658170486348704,B,-1.1287159570299772,0,0,0,0,1,1,0
626,-0.0846547686183481,1.3782830087926718,B,0.46373493560060103,0,0,0,1,0,1,0
627,-0.8567806801922915,0.5934956165121484,A,-0.5748199943758628,0,0,0,0,1,1,0
628,0.6359960821839991,0.33347409497811,A,0.5329719309323663,0,0,0,0,1,1,0
629,-1.6803816525378312,1.4737330349580025,A,0.8791569075911878,0,0,0,1,0,1,0
630,-0.4964552547911179,0.8314284706945698,B,-0.8517679757029203,0,0,0,0,1,1,0
631,-1.5259564702230426,-0.4810132219205314,B,-0.020924031721748584,0,0,0,1,0,1,0
632,1.7169723583875198,-1.5126923528304086,A,-1.1287159570299772,0,0,1,0,0,1,0
633,-1.6803816525378312,-0.6455716856270856,A,1.2253418842500092,0,0,0,0,1,1,0
634,1.6140222368443273,-0.5537866228005747,A,1.7100008515723588,0,0,0,0,1,1,0
635,-0.03317970784675188,0.5219494915796999,B,-0.09016102705351263,0,0,0,0,1,1,0
636,-0.2390799509331368,0.7797801607350843,B,1.4330528702453014,0,0,1,0,0,1,0
637,-0.2390799509331368,0.83338628629117,B,-0.8517679757029203,0,0,0,0,1,1,0
638,1.6140222368443273,0.08843131923794946,A,-0.3671090083805701,0,0,0,1,0,1,0
639,1.2022217506715576,-0.22990382416334187,A,0.8099199122594225,0,0,0,0,1,1,0
640,0.9448464468135764,-0.37845787360763433,A,-1.6133749243523272,0,0,0,1,0,1,0
641,-1.5774315309946387,0.8568034166141684,,0.6022089262641304,0,0,0,1,0,0,1
642,0.6874711429555953,-1.2236976134854474,B,-0.7132939850393916,0,0,1,0,0,1,0
643,0.8933713860419802,-0.13172941403939112,A,-1.751848915015856,0,0,0,0,1,1,0
644,-0.18760489016154056,-0.028194391359831764,B,0.1867869542735442,0,0,1,0,0,1,0
645,-1.5774315309946387,-1.606039681978717,B,-0.7825309803711556,1,0,0,0,0,1,0
646,0.5330459606408067,0.9660447741806074,A,-0.020924031721748584,0,0,1,0,0,0,1
647,1.6654972976159237,-0.6821898897124373,B,1.2945788795817732,1,0,0,0,0,1,0
649,0.22419559601122926,0.9348607732136185,B,0.9483939029229518,1,0,0,0,0,1,0
650,-0.9082557409638877,-0.39891681662159634,A,1.5022898655770653,1,0,0,0,0,1,0
651,1.5625471760727312,-0.7099703271520561,A,-0.22863501771704134,0,0,0,1,0,1,0
652,0.01829535292484435,-0.5617926627735158,B,1.2945788795817732,0,0,0,0,1,1,0
653,-1.165631044821869,-1.588291324692859,A,-0.020924031721748584,0,0,1,0,0,1,0
654,0.2756706567828255,-0.6253258486177652,A,-0.5055829990440988,0,0,1,0,0,1,0
655,-1.6803816525378312,0.5575458600384786,B,-0.22863501771704134,0,0,1,0,0,1,0
656,-1.3715312879082537,0.46721114455291035,B,-1.1287159570299772,1,0,0,0,0,1,0
657,-1.165631044821869,-1.3632214876251398,B,-1.1979529523617418,0,0,0,1,0,1,0
658,1.7169723583875198,0.7101872519890637,B,-0.297872013048806,0,0,1,0,0,1,0
659,0.4300958390976142,-1.3620854333126255,A,-1.6826119196840919,0,0,0,1,0,1,0
660,0.4300958390976142,0.6961214891143518,B,-0.22863501771704134,1,0,0,0,0,1,0
661,-1.1141559840502726,0.7226401550300846,B,-0.3671090083805701,0,0,1,0,0,1,0
662,1.047796568356769,-0.9560602352747363,A,-1.4056639383570344,0,0,0,0,1,1,0
663,1.1507466898999614,0.5564994942243207,B,1.5715268609088306,1,0,0,0,0,1,0
664,-0.8053056194206953,-0.4454030552312367,B,-0.8517679757029203,0,0,0,1,0,1,0
665,0.06977041369644058,0.019857946413415963,A,-0.5055829990440988,0,0,0,1,0,1,0
666,0.4300958390976142,1.6711466186607502,B,1.017630898254716,0,0,0,0,1,1,0
667,-0.6508804371059066,-1.0355004811992707,A,0.6022089262641304,0,0,0,1,0,1,0
668,0.9448464468135764,-0.9195585495804116,B,0.7406829169276584,1,0,0,0,0,1,0
669,-0.8567806801922915,-0.9758951916420138,A,-0.8517679757029203,0,0,0,1,0,1,0
670,-0.290555011704733,-0.537779142264865,B,0.7406829169276584,0,0,1,0,0,1,0
671,0.4300958390976142,0.6630793264378251,B,-0.4363460037123341,0,0,0,0,1,1,0
672,-0.4964552547911179,1.5895185866310095,A,0.8099199122594225,1,0,0,0,0,1,0
673,-0.8053056194206953,0.9803734700034928,A,1.6407638562405948,0,0,0,1,0,1,0
674,1.6654972976159237,0.8592165738178088,B,0.39449794026883694,0,0,0,1,0,1,0
675,-1.165631044821869,-0.4866436665395712,A,-0.020924031721748584,0,0,0,1,0,1,0
676,1.4595970545295387,-0.6790891206880648,B,-0.09016102705351263,0,0,0,0,1,1,0
677,-1.3200562271366576,0.4682276142009492,B,-0.7825309803711556,0,0,1,0,0,1,0
678,0.32714571755442173,1.0918516740503075,B,0.11754995894178014,0,0,1,0,0,1,0
679,-0.13612982938994433,-0.013531471731105929,A,0.11754995894178014,0,0,0,1,0,1,0
680,-1.3200562271366576,0.3524688924206129,A,1.2253418842500092,0,0,0,1,0,1,0
681,0.12124547446803681,1.5149199864809957,A,-1.1287159570299772,0,0,1,0,0,1,0
682,-0.290555011704733,-0.4702038414476821,A,-0.5055829990440988,0,0,0,1,0,1,0
683,-1.165631044821869,-1.0613905610581473,B,-1.4749009336887986,1,0,0,0,0,1,0
684,1.6654972976159237,1.128124155804388,A,-0.1593980223852773,0,0,1,0,0,1,0
685,0.7389462037271916,-0.267923315214467,A,-0.9210049710346843,0,0,0,1,0,1,0
686,0.7904212644987878,-1.276511873923566,A,-0.3671090083805701,0,0,1,0,0,1,0
687,-0.34203007247632927,-1.5463853320462906,B,1.5715268609088306,0,0,1,0,0,1,0
688,-1.5774315309946387,0.32648682435829407,B,-0.4363460037123341,1,0,0,0,0,1,0
689,0.32714571755442173,-0.0017930678185273164,B,-0.9210049710346843,0,0,0,1,0,0,1
690,0.3786207783260179,1.4245546082609466,B,0.46373493560060103,0,0,0,1,0,1,0
691,1.3566469329863462,-0.6968213800383205,A,-0.5748199943758628,0,0,1,0,0,1,0
692,0.5845210214124028,-1.546888967460138,B,1.3638158749135374,0,0,1,0,0,1,0
693,0.01829535292484435,1.5904285032767274,B,0.3252609449370729,0,0,1,0,0,1,0
694,-0.03317970784675188,-0.3798859904660784,B,-0.990241966366449,0,0,1,0,0,1,0
695,0.3786207783260179,1.537168100051913,B,1.7100008515723588,0,0,0,0,1,1,0
696,-1.5774315309946387,0.7012981252630753,A,-1.6826119196840919,0,0,1,0,0,1,0
697,-0.4964552547911179,-0.1160024975241809,A,-0.6440569897076275,0,0,0,0,1,1,0
698,1.253696811443154,0.49289195124895513,B,0.8791569075911878,0,0,1,0,0,1,0
699,0.2756706567828255,0.27656099350826835,B,-0.7825309803711556,0,0,0,0,1,1,0
700,-1.3200562271366576,0.8620375453900435,B,-1.1287159570299772,0,0,0,1,0,1,0
701,-0.39350513324792546,-0.06381605657455722,A,0.8791569075911878,1,0,0,0,0,1,0
702,-0.6508804371059066,0.6609743297157169,B,-1.4056639383570344,0,0,1,0,0,1,0
703,-0.6508804371059066,-0.04246406141884135,A,-0.5055829990440988,0,0,1,0,0,0,1
704,0.841896325270384,0.22219519870542068,B,0.04831296361001547,0,0,0,0,1,1,0
705,0.4815708998692104,0.842558276742744,A,-0.8517679757029203,0,1,0,0,0,1,0
706,-0.9082557409638877,0.646497686198962,B,0.6714459215958943,0,0,1,0,0,1,0
707,0.6874711429555953,-0.17023644256876125,A,0.8099199122594225,0,0,1,0,0,1,0
708,0.17272053523963304,-1.6619462791892257,B,1.017630898254716,0,0,1,0,0,1,0
709,-0.5479303155627142,1.1906730678718032,A,0.3252609449370729,0,0,0,0,1,1,0
710,-1.01120586250708,0.015431780691110135,B,-0.990241966366449,0,0,0,0,1,1,0
711,-0.290555011704733,-1.5387204149944487,B,-0.7132939850393916,1,0,0,0,0,1,0
712,1.6140222368443273,1.3646817863453442,A,-1.1979529523617418,0,0,1,0,0,1,0
713,0.7389462037271916,0.19084255269878692,B,-1.6826119196840919,0,0,0,0,1,1,0
714,1.5625471760727312,-0.9143397521717769,A,0.04831296361001547,1,0,0,0,0,1,0
715,0.9448464468135764,-0.028835242510480853,A,0.7406829169276584,0,0,0,1,0,1,0
716,-0.18760489016154056,0.7516172056828173,A,0.5329719309323663,0,0,1,0,0,1,0
717,0.5330459606408067,0.15004041849352787,A,-1.4749009336887986,0,0,0,0,1,1,0
718,0.12124547446803681,0.18099214924682497,A,-1.4056639383570344,1,0,0,0,0,1,0
719,-1.1141559840502726,0.6587344169618935,A,0.39449794026883694,1,0,0,0,0,1,0
720,0.7904212644987878,-0.658599514939622,B,-0.020924031721748584,0,0,0,1,0,1,0
721,0.8933713860419802,-0.9900245796907735,A,-0.297872013048806,0,0,0,1,0,1,0
722,0.6874711429555953,-1.078038892744506,A,-1.6133749243523272,0,0,0,1,0,1,0
723,-0.4449801940195217,1.313586938743238,B,0.7406829169276584,0,0,1,0,0,1,0
724,0.22419559601122926,-1.6744804384766212,B,1.156104888918244,0,0,0,0,1,1,0
725,-1.2685811663650615,-0.7004786776935197,B,-0.7825309803711556,1,0,0,0,0,1,0
726,0.06977041369644058,1.3380167058724652,A,-0.990241966366449,0,0,1,0,0,1,0
727,-0.959730801735484,-0.18310712536708335,B,0.8099199122594225,1,0,0,0,0,1,0
728,-0.13612982938994433,-0.8323230699824918,B,1.156104888918244,1,0,0,0,0,1,0
729,-1.1141559840502726,1.3566558155949908,B,-0.4363460037123341,1,0,0,0,0,1,0
730,1.2022217506715576,-1.5376096574378812,B,-0.1593980223852773,0,0,0,0,1,1,0
731,0.5330459606408067,0.9301693748380534,B,-0.5055829990440988,0,0,1,0,0,1,0
732,0.8933713860419802,-0.7889536983328265,B,-1.1979529523617418,0,0,0,0,1,1,0
733,0.7389462037271916,-1.5795746758483251,,-1.751848915015856,0,0,1,0,0,0,1
734,0.841896325270384,-0.9813907202293379,A,-0.990241966366449,0,0,0,1,0,1,0
735,-0.9082557409638877,-0.44834514460467073,A,0.1867869542735442,0,0,0,1,0,1,0
736,0.3786207783260179,0.018625304487287327,A,-1.059478961698213,1,0,0,0,0,1,0
737,1.5625471760727312,-1.6488287613783328,A,1.6407638562405948,0,0,0,0,1,1,0
738,0.12124547446803681,1.5267013756368872,B,0.11754995894178014,1,0,0,0,0,1,0
739,0.2756706567828255,-1.1857471135869042,B,1.5022898655770653,1,0,0,0,0,1,0
740,-1.1141559840502726,1.1908141164504147,A,0.46373493560060103,0,0,1,0,0,1,0
741,0.9448464468135764,0.3317968434020093,B,-0.8517679757029203,0,0,0,0,1,1,0
742,-0.8053056194206953,1.0572319136847426,B,-0.020924031721748584,0,0,0,1,0,1,0
743,-0.4964552547911179,0.1552124552320795,B,-1.6133749243523272,0,0,1,0,0,1,0
744,0.4300958390976142,0.9508046285752804,A,0.04831296361001547,0,0,1,0,0,1,0
745,-0.9082557409638877,-1.4145792681754197,A,-0.9210049710346843,0,0,0,0,1,1,0
746,0.5330459606408067,-1.556893451152866,A,1.5715268609088306,0,0,0,0,1,1,0
747,-0.5479303155627142,0.5270027102221382,B,-1.6826119196840919,1,0,0,0,0,1,0
748,-1.165631044821869,1.4370558051087752,A,-0.6440569897076275,0,0,1,0,0,1,0
749,-0.8567806801922915,-0.5935393249182279,A,-1.059478961698213,0,0,1,0,0,1,0
750,0.22419559601122926,-1.0802696066779853,B,-0.8517679757029203,1,0,0,0,0,1,0
751,1.30517187221475,0.6722160547447457,A,0.8099199122594225,1,0,0,0,0,1,0
752,-1.01120586250708,-0.408303446214536,B,1.6407638562405948,1,0,0,0,0,1,0
753,-1.5774315309946387,-1.1868525051649377,B,1.5022898655770653,0,0,0,0,1,1,0
754,-0.03317970784675188,1.320177893519889,A,1.3638158749135374,0,0,0,0,1,1,0
755,1.6654972976159237,0.35153521215567207,A,-1.1979529523617418,1,0,0,0,0,1,0
756,-0.7023554978775028,0.813496137001827,B,1.6407638562405948,0,0,0,0,1,1,0
757,-1.6289065917662349,0.2488779102506261,B,0.9483939029229518,1,0,0,0,0,1,0
758,-1.5259564702230426,0.48663828655159297,B,0.9483939029229518,1,0,0,0,0,1,0
759,-1.3200562271366576,-1.1357384933537804,B,0.7406829169276584,0,0,0,0,1,1,0
760,-0.0846547686183481,0.3597428596078243,A,-0.3671090083805701,0,0,0,1,0,1,0
761,-0.03317970784675188,1.0735667189110347,A,-0.5748199943758628,0,0,0,0,1,1,0
762,0.01829535292484435,0.08889355996024793,A,0.6022089262641304,1,0,0,0,0,1,0
763,1.6654972976159237,1.185077885397416,B,-0.9210049710346843,1,0,0,0,0,1,0
764,-0.34203007247632927,0.4238341072196248,A,-1.4056639383570344,0,0,0,1,0,1,0
765,0.17272053523963304,-0.9010842520557203,A,0.25602394960530883,1,0,0,0,0,1,0
766,1.5625471760727312,-1.2414153080368246,B,-1.751848915015856,0,0,0,0,1,1,0
767,-0.9082557409638877,1.3235063333477812,,1.5022898655770653,0,0,0,1,0,0,1
768,-0.03317970784675188,-0.15490047591818132,A,0.3252609449370729,0,0,1,0,0,1,0
769,1.047796568356769,-0.43144001251703523,B,-0.990241966366449,0,0,0,1,0,1,0
770,0.5845210214124028,1.6669511900154124,A,0.8791569075911878,0,0,0,1,0,1,0
771,-1.217106105593465,-0.21077871009929516,B,-0.8517679757029203,1,0,0,0,0,1,0
772,0.7389462037271916,1.2293449085990074,A,1.7100008515723588,0,0,1,0,0,1,0
773,-0.7023554978775028,-0.26919121928524853,A,-0.5055829990440988,0,0,0,0,1,1,0
774,0.4815708998692104,-0.91378322354095,B,-1.059478961698213,0,0,0,0,1,1,0
775,0.6359960821839991,0.1532968008953904,A,-0.8517679757029203,0,0,0,1,0,1,0
776,-1.3715312879082537,0.626906498570807,A,0.6022089262641304,0,0,0,0,1,1,0
777,-0.34203007247632927,-0.5595803464807249,B,0.3252609449370729,0,0,1,0,0,1,0
778,-1.5259564702230426,0.9645928937029412,A,-1.1979529523617418,0,0,0,0,1,1,0
779,1.4595970545295387,1.0964441851071711,B,0.46373493560060103,1,0,0,0,0,1,0
780,1.511072115301135,0.005700961903623468,A,-1.4056639383570344,0,0,1,0,0,1,0
781,0.12124547446803681,1.1693394703567757,A,0.46373493560060103,0,0,0,0,1,1,0
782,-0.7023554978775028,-0.5148771458811441,A,1.7100008515723588,0,0,0,0,1,1,0
783,-0.13612982938994433,0.4771136746534897,A,0.8791569075911878,0,0,0,1,0,1,0
784,-0.8567806801922915,-0.37141464349739095,B,0.7406829169276584,0,0,0,0,1,1,0
785,-1.3200562271366576,-1.3499498895734807,B,1.3638158749135374,0,0,0,1,0,1,0
786,1.3566469329863462,0.5825651182380998,B,-1.5441379290205632,1,0,0,0,0,1,0
787,1.3566469329863462,0.5482243887563105,A,-0.1593980223852773,0,0,0,1,0,1,0
788,-0.39350513324792546,-1.5957285709411808,A,0.8791569075911878,0,0,0,0,1,1,0
789,-1.5259564702230426,-0.7744440923765046,A,1.3638158749135374,0,0,1,0,0,1,0
790,1.4081219937579426,0.23905970266986915,B,0.6714459215958943,0,0,0,1,0,1,0
791,-1.0626809232786765,-0.3316696070633581,B,1.4330528702453014,1,0,0,0,0,1,0
792,1.1507466898999614,0.050073771539173625,A,1.08686789358648,1,0,0,0,0,1,0
793,-1.217106105593465,-0.47676643319493867,A,-1.4056639383570344,0,0,0,0,1,1,0
794,-0.959730801735484,1.478991693921462,B,1.156104888918244,0,0,1,0,0,1,0
795,-1.5774315309946387,0.26912144755486056,A,-1.1979529523617418,1,0,0,0,0,1,0
796,-0.03317970784675188,-0.4620644185797496,B,-0.4363460037123341,0,0,1,0,0,1,0
797,0.8933713860419802,-0.31611823470305056,B,-1.3364269430252704,1,0,0,0,0,1,0
798,-1.42300634867985,-0.8485099275149143,B,-0.4363460037123341,0,0,0,0,1,1,0
799,-1.165631044821869,0.99975308476373,B,0.39449794026883694,0,0,0,0,1,1,0
800,-0.7538305586490991,0.43992667684351877,B,0.6714459215958943,0,0,0,0,1,1,0
801,1.4595970545295387,0.44030306190927077,A,1.6407638562405948,0,0,1,0,0,1,0
802,-0.290555011704733,-0.7327841681741448,A,0.11754995894178014,1,0,0,0,0,1,0
803,0.32714571755442173,1.4850130884051325,A,0.25602394960530883,0,0,0,0,1,1,0
804,0.6359960821839991,1.5570352522903959,A,-1.4056639383570344,0,0,0,0,1,1,0
805,1.047796568356769,0.9116605817370714,A,-0.3671090083805701,0,0,0,0,1,1,0
806,0.4300958390976142,-0.46354236238172486,A,-0.5748199943758628,0,0,0,0,1,1,0
807,-1.5774315309946387,-1.315284135106195,A,0.8099199122594225,0,0,1,0,0,1,0
808,0.17272053523963304,0.8029979832839574,B,-0.7825309803711556,0,0,0,1,0,1,0
809,1.253696811443154,-0.8665702781241145,B,0.3252609449370729,0,0,1,0,0,1,0
810,-0.03317970784675188,-0.6859951350615064,A,0.11754995894178014,0,0,1,0,0,1,0
811,1.099271629128365,-0.26080649454146976,B,0.39449794026883694,1,0,0,0,0,1,0
812,1.6140222368443273,0.40203290300376493,B,-0.020924031721748584,0,0,0,1,0,0,1
813,-0.4964552547911179,0.11448161188448833,A,-0.22863501771704134,0,0,1,0,0,1,0
814,-0.18760489016154056,-0.46769026378861717,B,1.2253418842500092,0,0,0,1,0,1,0
815,-1.3200562271366576,0.3809867686244953,A,0.1867869542735442,0,0,1,0,0,1,0
816,-0.7538305586490991,-0.9299976775344052,B,0.3252609449370729,0,0,1,0,0,1,0
817,-1.2685811663650615,-1.1522948368366968,A,-0.4363460037123341,1,0,0,0,0,1,0
818,0.6359960821839991,0.2513738568373646,B,-0.990241966366449,1,0,0,0,0,1,0
819,1.6654972976159237,1.3802960173113374,A,1.5022898655770653,1,0,0,0,0,1,0
820,0.22419559601122926,-1.626084678077188,B,-0.1593980223852773,1,0,0,0,0,1,0
821,-1.8348068348526199,3.3305616821138617,B,-3.136588821651142,1,0,0,0,0,1,0
822,-0.18760489016154056,0.8240824460813284,A,-0.020924031721748584,0,0,1,0,0,1,0
823,-1.01120586250708,1.1450906133609848,B,-1.6133749243523272,0,0,0,0,1,1,0
824,0.3786207783260179,1.5144109850886143,B,1.5715268609088306,1,0,0,0,0,1,0
825,-0.8053056194206953,-0.0017930678185273164,B,-0.9210049710346843,0,0,0,0,1,0,1
826,0.4300958390976142,1.3986507301715538,A,0.1867869542735442,1,0,0,0,0,1,0
827,-1.5259564702230426,-0.5569617489560632,B,-1.4056639383570344,0,0,1,0,0,1,0
828,0.2756706567828255,-0.22704989015154003,A,-0.22863501771704134,0,0,1,0,0,1,0
829,1.7169723583875198,-1.6964541205739352,B,-0.990241966366449,1,0,0,0,0,1,0
830,1.1507466898999614,-1.4252238364504344,A,-0.5055829990440988,0,0,1,0,0,1,0
831,1.047796568356769,-0.10937091462434267,A,-1.6826119196840919,0,0,1,0,0,1,0
832,1.1507466898999614,0.12416873627533986,A,-1.059478961698213,0,0,1,0,0,1,0
833,1.30517187221475,0.4867057445674506,B,1.6407638562405948,1,0,0,0,0,1,0
834,-0.4449801940195217,1.4445651087831268,A,0.11754995894178014,0,0,0,1,0,1,0
835,-0.03317970784675188,-0.9197762549952254,A,0.46373493560060103,0,0,1,0,0,1,0
836,-0.7538305586490991,0.1507111658102957,A,1.5022898655770653,0,0,0,0,1,1,0
837,0.9448464468135764,-0.4168430177674429,B,-0.22863501771704134,0,0,1,0,0,1,0
838,-0.5994053763343103,0.07445754456667979,B,1.7100008515723588,1,0,0,0,0,1,0
839,1.3566469329863462,0.5498924415120671,A,1.5022898655770653,1,0,0,0,0,1,0
840,0.22419559601122926,-0.19320666353670193,B,-0.09016102705351263,0,0,1,0,0,1,0
841,0.06977041369644058,0.17264498635278505,,-0.1593980223852773,0,0,0,1,0,0,1
842,1.6140222368443273,0.7793432167687329,B,1.017630898254716,0,0,0,0,1,1,0
843,0.22419559601122926,1.4466287108136855,B,0.3252609449370729,0,0,0,0,1,1,0
844,1.047796568356769,0.9318297619101898,B,-0.3671090083805701,0,0,1,0,0,1,0
845,-0.4449801940195217,-1.2191273329110819,B,-0.7825309803711556,0,0,1,0,0,1,0
846,0.5330459606408067,0.8727825341204837,B,1.2253418842500092,0,0,1,0,0,1,0
847,0.22419559601122926,1.4939344110023256,B,0.7406829169276584,0,0,0,1,0,1,0
848,0.6359960821839991,-0.0017930678185273164,A,-1.1287159570299772,1,0,0,0,0,0,1
849,0.5330459606408067,1.5341784834400336,A,0.5329719309323663,0,0,0,0,1,1,0
850,-1.2685811663650615,-1.6899206584244355,A,-0.020924031721748584,0,0,0,0,1,1,0
851,-1.165631044821869,-0.696053278539576,B,-1.1979529523617418,0,0,0,0,1,1,0
852,0.4300958390976142,-1.2364832071955854,A,0.9483939029229518,0,0,0,0,1,1,0
853,-1.3715312879082537,-0.7817801516010398,B,-1.2671899476935058,1,0,0,0,0,1,0
854,-0.5994053763343103,-0.1428438887203248,A,1.2945788795817732,0,0,1,0,0,1,0
855,0.2756706567828255,-0.9581483674928798,A,0.3252609449370729,0,0,0,1,0,1,0
856,0.17272053523963304,0.5286784286615148,B,-0.6440569897076275,0,0,0,0,1,1,0
857,1.4595970545295387,-1.160168260483008,B,-0.6440569897076275,0,0,0,0,1,1,0
858,0.32714571755442173,1.1659489384915593,A,-0.7132939850393916,0,0,0,1,0,1,0
860,-1.3200562271366576,0.05050918236880095,B,-0.020924031721748584,1,0,0,0,0,1,0
861,1.5625471760727312,-0.41129536253150145,A,-0.7132939850393916,0,0,0,0,1,1,0
862,-1.3715312879082537,-0.8012172589884285,B,-0.8517679757029203,0,0,1,0,0,1,0
863,0.06977041369644058,0.7603844480392448,B,1.4330528702453014,0,0,0,0,1,1,0
864,0.12124547446803681,-1.43693853415883,B,0.46373493560060103,0,0,1,0,0,1,0
865,1.253696811443154,0.09915484405425258,A,0.46373493560060103,0,0,0,1,0,1,0
866,-0.6508804371059066,1.4456467367419374,A,-0.09016102705351263,0,0,1,0,0,1,0
867,-0.39350513324792546,-1.1805574457760264,B,1.08686789358648,0,0,0,0,1,1,0
868,-0.8567806801922915,1.6828620829375078,B,0.3252609449370729,1,0,0,0,0,1,0
869,-0.7538305586490991,-1.4141699206701006,B,-0.5055829990440988,0,0,0,1,0,1,0
870,1.6140222368443273,-1.3477935327711177,B,-0.4363460037123341,0,0,0,1,0,1,0
871,0.8933713860419802,-1.617775077032887,B,0.3252609449370729,0,0,1,0,0,1,0
872,-0.5994053763343103,-0.6701149048738921,A,-1.1979529523617418,0,0,0,0,1,1,0
873,-1.0626809232786765,-1.2886665818717613,B,-1.6133749243523272,0,0,0,0,1,1,0
874,-0.4964552547911179,0.34889515071687394,A,-0.5748199943758628,0,0,0,1,0,1,0
875,1.4081219937579426,-0.6406487836061906,A,1.7100008515723588,1,0,0,0,0,1,0
876,0.4815708998692104,0.05209827858326945,B,0.5329719309323663,0,0,0,1,0,1,0
877,1.1507466898999614,0.26580987223093244,A,-0.7132939850393916,1,0,0,0,0,1,0
878,-0.0846547686183481,-1.2853695713467115,A,-0.7132939850393916,0,0,1,0,0,1,0
879,0.841896325270384,-1.2882848308274748,B,1.08686789358648,0,0,0,0,1,1,0
880,1.6140222368443273,-0.9735793886203501,A,-0.22863501771704134,0,0,0,0,1,1,0
881,2.592048391504656,-1.7603828556929872,A,-2.5134558636652633,0,0,0,1,0,1,0
882,1.099271629128365,-1.4705793867260948,A,0.1867869542735442,0,0,1,0,0,1,0
883,1.2022217506715576,-1.068301941410123,A,-0.297872013048806,0,0,1,0,0,1,0
884,1.511072115301135,-0.025625620778701577,B,-1.1287159570299772,0,0,0,1,0,1,0
885,1.047796568356769,1.6377503014009698,B,0.6022089262641304,0,0,0,1,0,1,0
886,1.5625471760727312,-1.4938516356286715,B,1.3638158749135374,0,0,1,0,0,1,0
887,-1.5259564702230426,0.24524667591973562,B,-1.4749009336887986,0,0,0,0,1,1,0
888,-1.5259564702230426,1.2211625579028018,A,-0.3671090083805701,1,0,0,0,0,1,0
889,1.30517187221475,1.120355752023673,A,0.11754995894178014,0,0,1,0,0,1,0
890,-1.6803816525378312,1.517123103953442,B,-1.6826119196840919,0,0,1,0,0,1,0
891,-1.2685811663650615,-1.1647124777330649,B,-1.6826119196840919,1,0,0,0,0,1,0
892,-1.165631044821869,-1.6393570426972088,B,-0.22863501771704134,0,0,0,1,0,1,0
893,0.22419559601122926,-0.007405057381839145,B,0.6714459215958943,1,0,0,0,0,1,0
894,0.9963215075851727,0.25415649999149853,A,0.39449794026883694,0,0,0,1,0,1,0
895,-0.39350513324792546,1.6393961236742276,A,0.7406829169276584,0,0,0,1,0,1,0
896,-0.13612982938994433,-0.018786297852755613,A,-1.6826119196840919,0,0,1,0,0,1,0
897,0.3786207783260179,1.6319090504823748,A,1.5715268609088306,0,0,0,1,0,1,0
898,0.5330459606408067,1.6409959518457644,A,1.08686789358648,0,0,0,1,0,1,0
899,-1.3715312879082537,-1.651203590163872,A,0.1867869542735442,0,0,1,0,0,1,0
900,0.06977041369644058,-0.3229943529103735,A,1.5715268609088306,0,0,0,1,0,1,0
901,1.30517187221475,-0.38490548010058784,B,-1.3364269430252704,0,0,0,1,0,1,0
902,-1.4744814094514462,-0.4669888537373687,A,0.8791569075911878,1,0,0,0,0,1,0
903,-0.03317970784675188,-1.287794227075782,A,-0.8517679757029203,0,0,0,0,1,1,0
904,1.1507466898999614,-1.4716717466419738,A,0.46373493560060103,0,0,0,0,1,1,0
905,-0.18760489016154056,-0.2017155723551282,A,-0.1593980223852773,0,0,0,0,1,1,0
906,1.511072115301135,-1.5635066364120158,A,-1.2671899476935058,0,0,0,1,0,1,0
907,-0.0846547686183481,1.2183967792526322,A,1.156104888918244,1,0,0,0,0,1,0
908,-0.9082557409638877,-1.3412217422035166,,0.46373493560060103,0,0,0,1,0,0,1
909,0.7389462037271916,1.3912464463627987,A,-0.4363460037123341,0,0,0,0,1,1,0
910,0.32714571755442173,-0.7006726194891109,B,-0.09016102705351263,1,0,0,0,0,1,0
911,-0.5479303155627142,-0.44982002213319805,B,0.7406829169276584,1,0,0,0,0,1,0
912,0.9963215075851727,-0.5139365665009451,A,-0.020924031721748584,1,0,0,0,0,1,0
913,-0.8053056194206953,0.4381773678413883,A,-1.1979529523617418,0,0,1,0,0,1,0
914,-1.165631044821869,-1.4973065592362975,B,-1.6133749243523272,0,0,1,0,0,1,0
915,-1.217106105593465,-1.3784869299864138,,0.7406829169276584,0,0,0,0,1,0,1
916,-0.03317970784675188,0.12386057579380763,A,1.2945788795817732,0,0,1,0,0,1,0
917,-0.03317970784675188,0.9693065225610044,B,0.8791569075911878,0,0,0,0,1,1,0
918,-0.13612982938994433,0.5882568883261011,B,-1.2671899476935058,0,0,0,0,1,1,0
919,-0.7538305586490991,-1.068483618111922,A,-1.1979529523617418,1,0,0,0,0,1,0
920,-1.0626809232786765,-1.2872813928415905,B,0.25602394960530883,0,0,0,0,1,1,0
921,0.4300958390976142,-0.46995777300347363,B,-0.7825309803711556,0,0,0,0,1,1,0
922,-1.42300634867985,-0.3811998886385813,A,0.5329719309323663,1,0,0,0,0,1,0
923,-0.9082557409638877,-0.05339225998780406,A,-0.4363460037123341,0,0,1,0,0,1,0
924,-1.2685811663650615,0.9255163048805899,A,0.3252609449370729,0,0,0,0,1,1,0
925,0.9448464468135764,1.079335145835238,B,1.6407638562405948,0,0,0,0,1,1,0
926,1.2022217506715576,-1.193974691816469,A,-0.020924031721748584,1,0,0,0,0,1,0
927,-0.290555011704733,1.5510621516135326,B,-1.751848915015856,0,0,0,0,1,1,0
928,-0.03317970784675188,1.5035203483693906,B,0.8099199122594225,1,0,0,0,0,1,0
929,-1.5259564702230426,-0.6182764859606257,B,-0.8517679757029203,0,0,0,0,1,1,0
930,-0.4964552547911179,0.18516534740966387,B,0.25602394960530883,0,0,0,1,0,1,0
931,0.06977041369644058,-1.5918029743592743,A,-1.1287159570299772,1,0,0,0,0,1,0
932,-0.5479303155627142,-1.6463887742820218,B,-1.4749009336887986,0,0,0,0,1,1,0
933,0.9963215075851727,-0.43174357358839527,A,-0.020924031721748584,1,0,0,0,0,1,0
934,-1.42300634867985,0.9913714262933989,A,0.25602394960530883,1,0,0,0,0,1,0
935,1.30517187221475,0.7432508785797269,B,-1.5441379290205632,1,0,0,0,0,1,0
936,-0.03317970784675188,1.0864366351409949,B,0.04831296361001547,0,0,0,0,1,1,0
937,1.253696811443154,0.9411772965166666,B,-0.6440569897076275,0,0,1,0,0,1,0
938,-0.7538305586490991,0.15737571114970084,B,-0.020924031721748584,0,0,0,0,1,0,1
939,-1.165631044821869,0.6373532922084207,B,0.39449794026883694,1,0,0,0,0,1,0
940,0.22419559601122926,1.38370418024888,A,0.6714459215958943,1,0,0,0,0,1,0
941,-0.03317970784675188,-0.8554818667674897,A,1.5022898655770653,1,0,0,0,0,1,0
942,0.32714571755442173,-1.262077391666722,B,-0.9210049710346843,0,0,1,0,0,1,0
943,-0.4964552547911179,0.489463090965638,A,-1.3364269430252704,0,0,0,0,1,1,0
944,0.9448464468135764,0.6341160740156088,B,0.46373493560060103,0,0,1,0,0,1,0
945,-1.9377569563958124,5.223961006116629,A,-2.0980338916746777,0,0,0,1,0,1,0
946,-0.7538305586490991,0.7087545357204474,A,1.7100008515723588,0,0,0,0,1,1,0
947,1.7169723583875198,-1.210473542672234,A,-0.3671090083805701,0,0,1,0,0,1,0
948,-0.5479303155627142,1.6260478687863669,A,0.6022089262641304,0,0,1,0,0,1,0
949,-1.217106105593465,-0.5867122670860743,B,1.6407638562405948,0,0,0,1,0,1,0
950,0.01829535292484435,-0.11007922379084936,A,-0.5748199943758628,0,0,1,0,0,1,0
951,1.6140222368443273,-1.294939410778174,A,0.1867869542735442,0,0,1,0,0,1,0
952,1.4081219937579426,-1.1547171928606812,A,1.2253418842500092,0,0,0,1,0,1,0
953,1.7169723583875198,-0.8289586014415844,A,0.04831296361001547,0,0,1,0,0,1,0
954,-0.5994053763343103,-1.0576374423576955,B,0.8791569075911878,0,0,0,1,0,1,0
955,-0.8567806801922915,1.2850912930218539,A,-1.1287159570299772,0,0,0,0,1,1,0
956,-0.4449801940195217,-0.9032068798501548,A,0.6022089262641304,0,0,0,1,0,1,0
957,-1.0626809232786765,1.6331892196469486,B,1.08686789358648,0,0,0,1,0,1,0
958,-0.6508804371059066,-0.9082692973129374,A,1.08686789358648,0,0,1,0,0,1,0
959,-1.217106105593465,0.6679386032846722,A,1.2945788795817732,0,0,0,1,0,1,0
960,-0.2390799509331368,-1.6217780970193574,B,-0.9210049710346843,1,0,0,0,0,1,0
961,-0.34203007247632927,-1.4730140078438714,A,-0.9210049710346843,0,0,0,0,1,1,0
962,0.7389462037271916,-0.5502059819815776,A,0.46373493560060103,0,0,0,0,1,1,0
963,1.2022217506715576,-1.1631548108214396,B,0.6714459215958943,1,0,0,0,0,1,0
964,1.5625471760727312,1.0798755765304626,A,-0.22863501771704134,1,0,0,0,0,1,0
965,0.06977041369644058,0.7728434836271619,A,0.6022089262641304,0,0,0,0,1,1,0
966,1.511072115301135,0.6413110846615321,A,1.5022898655770653,0,1,0,0,0,1,0
967,0.9963215075851727,-0.3980229979114806,A,0.25602394960530883,1,0,0,0,0,1,0
968,1.30517187221475,-1.3920789536133973,B,-0.020924031721748584,0,0,0,1,0,1,0
969,1.3566469329863462,1.6134247875689773,B,-1.1979529523617418,0,0,1,0,0,1,0
970,-0.03317970784675188,-1.2596902977873907,A,0.11754995894178014,1,0,0,0,0,1,0
971,0.06977041369644058,1.602284249563735,A,1.017630898254716,1,0,0,0,0,1,0
972,-0.2390799509331368,0.13928316466929594,A,-0.5748199943758628,0,0,0,0,1,1,0
973,1.6140222368443273,-0.5113233349548175,A,1.5715268609088306,0,0,1,0,0,1,0
974,-0.03317970784675188,1.6298078866020766,A,1.6407638562405948,0,0,0,1,0,1,0
975,0.12124547446803681,0.9324085210235149,A,0.6022089262641304,0,0,0,0,1,1,0
976,-0.290555011704733,-0.3607271473941029,B,0.5329719309323663,1,0,0,0,0,1,0
977,1.511072115301135,1.5975368916977428,B,1.7100008515723588,0,0,0,1,0,1,0
978,0.5330459606408067,-0.8089565331713864,A,-0.5748199943758628,0,0,0,0,1,1,0
979,-1.1141559840502726,1.6532556796595566,A,0.9483939029229518,1,0,0,0,0,1,0
980,-0.0846547686183481,0.39069842320293174,A,-0.4363460037123341,0,0,0,0,1,1,0
981,-1.01120586250708,1.5668404282089983,B,-1.2671899476935058,0,0,0,0,1,0,1
982,1.6140222368443273,0.9240552255825792,A,-0.297872013048806,1,0,0,0,0,1,0
983,1.4081219937579426,0.7521262070751988,A,-1.1287159570299772,1,0,0,0,0,1,0
984,0.7389462037271916,-1.5743137171797792,A,0.11754995894178014,1,0,0,0,0,1,0
985,0.841896325270384,-0.7437951561262055,A,-0.297872013048806,0,0,0,1,0,1,0
986,0.5330459606408067,-1.1509303451523005,A,-0.990241966366449,1,0,0,0,0,1,0
987,0.5330459606408067,1.448786600752773,A,-1.1979529523617418,0,0,0,0,1,1,0
988,0.3786207783260179,-0.06739976366700252,A,0.9483939029229518,0,0,0,1,0,1,0
989,0.17272053523963304,-0.2752103140638326,A,1.7100008515723588,0,0,0,0,1,1,0
990,1.099271629128365,0.11719526388604033,A,1.6407638562405948,0,0,1,0,0,1,0
991,-0.5994053763343103,-0.8236202193684743,B,1.5715268609088306,0,0,0,0,1,1,0
992,0.8933713860419802,-0.14714970320979318,B,-1.5441379290205632,0,0,1,0,0,1,0
993,1.1507466898999614,-0.9696461263548235,B,-1.059478961698213,0,0,0,1,0,1,0
994,0.3786207783260179,-0.5132052602835776,B,0.1867869542735442,0,0,0,0,1,1,0
995,0.5845210214124028,0.15064217465771376,A,1.2945788795817732,1,0,0,0,0,1,0
996,-0.13612982938994433,-0.1273216459577739,B,-1.1979529523617418,0,0,0,0,1,1,0
997,-1.01120586250708,0.9469395908939736,B,-1.6133749243523272,0,0,1,0,0,1,0
998,-0.7023554978775028,-1.728177785667787,B,1.6407638562405948,0,0,0,0,1,1,0
999,0.7904212644987878,0.6334138973959981,A,1.156104888918244,0,0,0,0,1,1,0
1000,-0.9082557409638877,0.365179362431273,B,1.4330528702453014,0,0,0,1,0,1,0
